,leiden
AAACATACAACCAC-1,CD8 T
AAACATTGAGCTAC-1,B
AAACATTGATCAGC-1,CD4 T
AAACCGTGCTTCCG-1,CD14 Monocytes
AAACCGTGTATGCG-1,NK
AAACGCACTGGTAC-1,CD4 T
AAACGCTGACCAGT-1,CD4 T
AAACGCTGGTTCTT-1,CD8 T
AAACGCTGTAGCCA-1,CD8 T
AAACGCTGTTTCTG-1,FCGR3A Monocytes
AAACTTGAAAAACG-1,B
AAACTTGATCCAGA-1,CD4 T
AAAGAGACGAGATA-1,CD4 T
AAAGAGACGCGAGA-1,CD14 Monocytes
AAAGAGACGGACTT-1,CD8 T
AAAGAGACGGCATT-1,CD4 T
AAAGCAGATATCGG-1,CD14 Monocytes
AAAGCCTGTATGCG-1,CD4 T
AAAGGCCTGTCTAG-1,B
AAAGTTTGATCACG-1,B
AAAGTTTGGGGTGA-1,B
AAAGTTTGTAGAGA-1,CD4 T
AAAGTTTGTAGCGT-1,CD14 Monocytes
AAATCAACAATGCC-1,B
AAATCAACACCAGT-1,CD4 T
AAATCAACCAGGAG-1,CD4 T
AAATCAACCCTATT-1,FCGR3A Monocytes
AAATCAACGGAAGC-1,CD4 T
AAATCAACTCGCAA-1,CD4 T
AAATCATGACCACA-1,FCGR3A Monocytes
AAATCCCTCCACAA-1,CD8 T
AAATCCCTGCTATG-1,B
AAATGTTGAACGAA-1,CD14 Monocytes
AAATGTTGCCACAA-1,CD4 T
AAATGTTGTGGCAT-1,CD14 Monocytes
AAATTCGAAGGTTC-1,CD4 T
AAATTCGAATCACG-1,CD14 Monocytes
AAATTCGAGCTGAT-1,FCGR3A Monocytes
AAATTCGAGGAGTG-1,CD4 T
AAATTCGATTCTCA-1,NK
AAATTGACACGACT-1,CD8 T
AAATTGACTCGCTC-1,CD8 T
AACAAACTCATTTC-1,CD4 T
AACAAACTTTCGTT-1,CD4 T
AACAATACGACGAG-1,CD4 T
AACACGTGCAGAGG-1,CD4 T
AACACGTGGAAAGT-1,CD4 T
AACACGTGGAACCT-1,CD14 Monocytes
AACACGTGGCTACA-1,CD4 T
AACACGTGTACGAC-1,FCGR3A Monocytes
AACAGCACAAGAGT-1,CD14 Monocytes
AACATTGATGGGAG-1,FCGR3A Monocytes
AACCAGTGATACCG-1,FCGR3A Monocytes
AACCCAGATCGCTC-1,CD4 T
AACCGATGCTCCCA-1,CD4 T
AACCGATGGTCATG-1,B
AACCGATGTTCTAC-1,CD14 Monocytes
AACCGCCTAGCGTT-1,CD4 T
AACCGCCTCTACGA-1,CD14 Monocytes
AACCTACTGTGAGG-1,CD14 Monocytes
AACCTACTGTGTTG-1,CD4 T
AACCTTACGAGACG-1,CD4 T
AACCTTACGCGAGA-1,NK
AACCTTACTAACGC-1,FCGR3A Monocytes
AACCTTTGGACGGA-1,CD4 T
AACCTTTGTACGCA-1,FCGR3A Monocytes
AACGCAACAAGTAG-1,CD4 T
AACGCATGACCCAA-1,CD4 T
AACGCATGCCTTCG-1,CD4 T
AACGCATGTACTTC-1,CD4 T
AACGCCCTCGGGAA-1,CD4 T
AACGCCCTCGTACA-1,NK
AACGCCCTGGCATT-1,CD4 T
AACGTCGAGTATCG-1,NK
AACGTGTGAAAGCA-1,CD4 T
AACGTGTGGCGGAA-1,B
AACGTGTGTCCAAG-1,CD4 T
AACGTGTGTGCTTT-1,CD4 T
AACTACCTTAGAGA-1,CD4 T
AACTCACTCAAGCT-1,CD14 Monocytes
AACTCACTTGGAGG-1,CD14 Monocytes
AACTCGGAAAGTGA-1,CD8 T
AACTCGGAAGGTCT-1,CD14 Monocytes
AACTCTTGCAGGAG-1,CD4 T
AACTGTCTCCCTTG-1,CD14 Monocytes
AACTTGCTACGCTA-1,B
AACTTGCTGGGACA-1,CD4 T
AAGAACGAGTGTTG-1,CD4 T
AAGAAGACGTAGGG-1,B
AAGACAGAAGTCTG-1,B
AAGACAGAGGATCT-1,CD4 T
AAGACAGATTACCT-1,CD14 Monocytes
AAGAGATGGGTAGG-1,B
AAGATGGAAAACAG-1,B
AAGATGGAGAACTC-1,CD14 Monocytes
AAGATGGAGATAAG-1,CD14 Monocytes
AAGATTACAACCTG-1,CD4 T
AAGATTACAGATCC-1,CD14 Monocytes
AAGATTACCCGTTC-1,CD14 Monocytes
AAGATTACCGCCTT-1,Dendritic
AAGATTACCTCAAG-1,NK
AAGATTACTCCTCG-1,CD14 Monocytes
AAGCAAGAGCGAGA-1,CD4 T
AAGCAAGAGCTTAG-1,CD8 T
AAGCAAGAGGTGTT-1,NK
AAGCACTGAGCAAA-1,B
AAGCACTGCATACG-1,CD8 T
AAGCACTGGTTCTT-1,B
AAGCCAACGTGTTG-1,CD4 T
AAGCCATGAACTGC-1,Dendritic
AAGCCATGACACGT-1,CD14 Monocytes
AAGCCATGCGTGAT-1,CD4 T
AAGCCATGTCTCGC-1,CD4 T
AAGCCTGACATGCA-1,CD4 T
AAGCCTGACCGAAT-1,CD14 Monocytes
AAGCGACTCCTCAC-1,FCGR3A Monocytes
AAGCGACTGTGTCA-1,CD4 T
AAGCGACTTACAGC-1,B
AAGCGACTTTGACG-1,FCGR3A Monocytes
AAGCGTACGTCTTT-1,CD4 T
AAGGCTTGCGAACT-1,CD8 T
AAGGTCACGGTTAC-1,CD14 Monocytes
AAGGTCACTGTTTC-1,B
AAGGTCACTTCCCG-1,CD8 T
AAGGTCTGACAGTC-1,CD4 T
AAGGTCTGCAGATC-1,CD4 T
AAGTAACTCTGAAC-1,CD14 Monocytes
AAGTAACTGAGATA-1,B
AAGTAGGATACAGC-1,NK
AAGTATACCGAACT-1,CD4 T
AAGTCCGACTTGTT-1,CD4 T
AAGTCCGATAGAAG-1,CD4 T
AAGTCTCTAGTCGT-1,CD4 T
AAGTCTCTCGGAGA-1,CD8 T
AAGTGGCTTGGAGG-1,B
AAGTTCCTCATTCT-1,CD14 Monocytes
AAGTTCCTTCTTAC-1,CD4 T
AATAAGCTCGAATC-1,CD4 T
AATAAGCTCGTTGA-1,CD4 T
AATACCCTGGACGA-1,B
AATACCCTGGCATT-1,CD4 T
AATACTGAAAGGGC-1,CD8 T
AATACTGAATTGGC-1,NK
AATAGGGAACCCTC-1,B
AATAGGGAGAATGA-1,CD8 T
AATCAAACTATCGG-1,CD8 T
AATCCGGAATGCTG-1,B
AATCCTACCGGTAT-1,CD4 T
AATCCTTGACGGGA-1,CD14 Monocytes
AATCCTTGGTGAGG-1,NK
AATCGGTGGAACTC-1,CD8 T
AATCGGTGTGCTTT-1,CD4 T
AATCTAGAAAAGTG-1,CD4 T
AATCTAGAATCGGT-1,CD4 T
AATCTCACAGCCTA-1,CD14 Monocytes
AATCTCACTCTAGG-1,CD4 T
AATCTCTGAACAGA-1,CD4 T
AATCTCTGCTTTAC-1,NK
AATGATACACCAAC-1,CD8 T
AATGATACGGTCAT-1,CD14 Monocytes
AATGCGTGACACCA-1,B
AATGCGTGGACGGA-1,Dendritic
AATGCGTGGCTATG-1,B
AATGGAGAATCGTG-1,CD14 Monocytes
AATGGAGATCCTTA-1,CD8 T
AATGGCTGACACCA-1,B
AATGGCTGCGTGAT-1,CD4 T
AATGGCTGTAAAGG-1,CD4 T
AATGGCTGTACTCT-1,CD8 T
AATGGCTGTGAAGA-1,CD4 T
AATGTAACGGTGGA-1,CD4 T
AATGTCCTCTTCTA-1,CD4 T
AATGTTGACAGTCA-1,CD4 T
AATGTTGAGTTGAC-1,CD14 Monocytes
AATGTTGATCTACT-1,CD4 T
AATTACGAATTCCT-1,Dendritic
AATTACGACTTCTA-1,CD4 T
AATTACGAGTGAGG-1,CD4 T
AATTACGATTGGCA-1,B
AATTCCTGCTCAGA-1,B
AATTGATGTCGCAA-1,FCGR3A Monocytes
AATTGTGACTTGGA-1,B
ACAAAGGAGGGTGA-1,CD4 T
ACAAATTGATTCTC-1,FCGR3A Monocytes
ACAAATTGCTCAGA-1,CD14 Monocytes
ACAAATTGTTGCGA-1,NK
ACAACCGAGGGATG-1,NK
ACAACCGAGTTACG-1,CD4 T
ACAAGAGAAGTCGT-1,CD14 Monocytes
ACAAGAGACTTATC-1,CD4 T
ACAAGAGAGTTGAC-1,B
ACAATCCTAACCGT-1,CD4 T
ACAATCCTTAGCGT-1,B
ACAATTGACTGACA-1,CD8 T
ACAATTGATGACTG-1,NK
ACACAGACCATACG-1,CD8 T
ACACCAGAGGGCAA-1,CD8 T
ACACCCTGGTGTTG-1,NK
ACACGAACAGTTCG-1,CD4 T
ACACGATGACGCAT-1,CD8 T
ACACGATGATGTGC-1,CD14 Monocytes
ACACGATGTCGTAG-1,CD8 T
ACACGATGTGGTCA-1,CD8 T
ACAGACACGGCATT-1,CD4 T
ACAGACACGTTGTG-1,CD4 T
ACAGCAACACCTAG-1,CD14 Monocytes
ACAGCAACCTCAAG-1,FCGR3A Monocytes
ACAGGTACCCCACT-1,CD4 T
ACAGGTACGCTGTA-1,CD8 T
ACAGGTACTGGTGT-1,NK
ACAGTCGACCCAAA-1,CD4 T
ACAGTCGACCGATA-1,CD8 T
ACAGTGACTCACCC-1,CD8 T
ACAGTGACTCTATC-1,CD8 T
ACAGTGTGGTCACA-1,CD4 T
ACAGTGTGTTGCGA-1,CD14 Monocytes
ACATCACTCTACTT-1,CD14 Monocytes
ACATGGTGAAGCCT-1,CD4 T
ACATGGTGCAACCA-1,B
ACATGGTGCGAGTT-1,CD4 T
ACATTCTGGCATAC-1,CD4 T
ACATTCTGGGAACG-1,CD14 Monocytes
ACCAACGACATGCA-1,CD4 T
ACCACAGAAAGTAG-1,CD4 T
ACCACAGAGTTGGT-1,CD4 T
ACCACCTGTGTGCA-1,CD4 T
ACCACGCTACAGCT-1,CD4 T
ACCACGCTACCCAA-1,CD8 T
ACCACGCTGCGAGA-1,CD4 T
ACCACGCTGCTGTA-1,CD4 T
ACCAGCCTGACAGG-1,CD4 T
ACCAGTGAACGGTT-1,B
ACCAGTGAATACCG-1,FCGR3A Monocytes
ACCAGTGAGGGATG-1,CD4 T
ACCAGTGATGACTG-1,CD14 Monocytes
ACCATTACCTTCTA-1,CD4 T
ACCATTACGAGATA-1,CD4 T
ACCATTTGTCATTC-1,CD4 T
ACCCAAGAACTGTG-1,CD8 T
ACCCAAGAATTCCT-1,FCGR3A Monocytes
ACCCAAGAGGACAG-1,CD4 T
ACCCAAGATTCACT-1,B
ACCCACTGCGCCTT-1,CD14 Monocytes
ACCCACTGGACAGG-1,CD4 T
ACCCACTGGTTCAG-1,Megakaryocytes
ACCCACTGTCGTAG-1,CD14 Monocytes
ACCCAGCTCAGAAA-1,CD4 T
ACCCAGCTGTTAGC-1,CD14 Monocytes
ACCCAGCTTGCTTT-1,CD4 T
ACCCGTTGATGACC-1,B
ACCCGTTGCTGCAA-1,CD4 T
ACCCGTTGCTTCTA-1,Dendritic
ACCCTCGACCTATT-1,CD4 T
ACCCTCGACGGTAT-1,B
ACCCTCGATAAGGA-1,CD14 Monocytes
ACCCTCGATCAAGC-1,FCGR3A Monocytes
ACCGTGCTACCAGT-1,CD4 T
ACCGTGCTGGAACG-1,B
ACCTATTGCTGAGT-1,B
ACCTATTGTGCCCT-1,FCGR3A Monocytes
ACCTCCGAGTCCTC-1,CD4 T
ACCTCCGATATGCG-1,CD4 T
ACCTCCGATGCTGA-1,CD4 T
ACCTCGTGAACCAC-1,CD8 T
ACCTGAGATATCGG-1,FCGR3A Monocytes
ACCTGGCTAAGTAG-1,NK
ACCTTTGACTCCCA-1,CD14 Monocytes
ACCTTTGAGGAACG-1,CD14 Monocytes
ACCTTTGAGGAAGC-1,FCGR3A Monocytes
ACGAACACCTTGTT-1,NK
ACGAACTGGCTATG-1,Megakaryocytes
ACGAAGCTCTCCAC-1,CD4 T
ACGAAGCTCTGAGT-1,B
ACGACCCTATCTCT-1,FCGR3A Monocytes
ACGACCCTGATGAA-1,CD4 T
ACGACCCTTGACAC-1,B
ACGACCCTTGACCA-1,CD4 T
ACGAGGGACAGGAG-1,Dendritic
ACGAGGGACGAACT-1,CD4 T
ACGAGGGATGTAGC-1,CD8 T
ACGAGTACCCTAAG-1,B
ACGAGTACGAATCC-1,B
ACGATCGAGGACTT-1,NK
ACGATCGAGTCACA-1,CD14 Monocytes
ACGATGACAATGCC-1,CD4 T
ACGATGACTGGTCA-1,CD4 T
ACGATTCTACGGGA-1,CD8 T
ACGCAATGGTTCAG-1,NK
ACGCACCTGTTAGC-1,B
ACGCCACTGAACTC-1,CD14 Monocytes
ACGCCGGAAACCAC-1,CD14 Monocytes
ACGCCGGAAAGCCT-1,CD4 T
ACGCCGGAAATGCC-1,CD4 T
ACGCCTTGCTCCCA-1,FCGR3A Monocytes
ACGCGGTGGCGAGA-1,CD4 T
ACGCGGTGTGTGGT-1,B
ACGCGGTGTTTGCT-1,CD8 T
ACGCTCACAGTACC-1,CD4 T
ACGCTCACCCTTGC-1,CD4 T
ACGCTGCTGTTCTT-1,NK
ACGGAACTCAGATC-1,NK
ACGGAACTGTCGTA-1,FCGR3A Monocytes
ACGGAGGACTCTTA-1,CD14 Monocytes
ACGGATTGGGAGGT-1,B
ACGGATTGGTTAGC-1,CD4 T
ACGGCTCTGAGCAG-1,CD4 T
ACGGCTCTTGCACA-1,CD4 T
ACGGTAACCGCTAA-1,CD4 T
ACGGTAACCTTCGC-1,CD8 T
ACGGTAACGGTGGA-1,CD4 T
ACGGTAACTCGCAA-1,CD8 T
ACGGTATGAGTCGT-1,CD14 Monocytes
ACGGTATGGGTATC-1,B
ACGGTATGGTTGTG-1,B
ACGGTCCTAACGGG-1,CD4 T
ACGGTCCTCGGGAA-1,CD4 T
ACGTAGACAACCAC-1,CD4 T
ACGTAGACTACAGC-1,B
ACGTCAGAAACGAA-1,CD4 T
ACGTCAGAGAGCTT-1,CD14 Monocytes
ACGTCAGAGGGATG-1,CD4 T
ACGTCCTGATAAGG-1,CD14 Monocytes
ACGTCCTGTGAACC-1,CD14 Monocytes
ACGTCGCTCCTGAA-1,NK
ACGTCGCTCTATTC-1,CD14 Monocytes
ACGTCGCTTCTCAT-1,B
ACGTGATGCCATGA-1,Dendritic
ACGTGATGGGTCTA-1,CD4 T
ACGTGATGTAACCG-1,FCGR3A Monocytes
ACGTGATGTGACAC-1,NK
ACGTGCCTCCGTAA-1,CD4 T
ACGTGCCTTCTATC-1,CD8 T
ACGTTACTTTCCAT-1,CD4 T
ACGTTGGAAAAGCA-1,CD4 T
ACGTTGGAAACCTG-1,CD8 T
ACGTTGGACCGTAA-1,CD14 Monocytes
ACGTTGGAGCCAAT-1,NK
ACGTTGGATATGGC-1,B
ACGTTGGATCAGGT-1,CD14 Monocytes
ACGTTTACATCAGC-1,CD4 T
ACTAAAACCCACAA-1,CD8 T
ACTAAAACTCGACA-1,CD14 Monocytes
ACTACGGAATTTCC-1,CD4 T
ACTACGGACCTATT-1,CD4 T
ACTACGGATCGCTC-1,CD4 T
ACTACTACTAAGGA-1,CD4 T
ACTAGGTGGAACCT-1,CD8 T
ACTAGGTGGAACTC-1,CD4 T
ACTATCACCTTGGA-1,CD8 T
ACTATCACTGCCAA-1,CD4 T
ACTCAGGACTGAAC-1,CD4 T
ACTCAGGATCTATC-1,B
ACTCAGGATTCGTT-1,CD14 Monocytes
ACTCCTCTCAACTG-1,CD4 T
ACTCGCACGAAAGT-1,CD14 Monocytes
ACTCGCACTACGAC-1,CD14 Monocytes
ACTCTCCTGACACT-1,CD4 T
ACTCTCCTGCATAC-1,CD4 T
ACTCTCCTGTTTGG-1,CD4 T
ACTGAGACAACCAC-1,CD8 T
ACTGAGACCCATAG-1,FCGR3A Monocytes
ACTGAGACGTTGGT-1,B
ACTGCCACACACGT-1,CD8 T
ACTGCCACTCCGTC-1,NK
ACTGGCCTTCAGTG-1,NK
ACTGTGGACGTGTA-1,CD8 T
ACTGTGGATCTAGG-1,B
ACTGTTACCCACAA-1,CD14 Monocytes
ACTGTTACTGCAGT-1,CD4 T
ACTTAAGAACCACA-1,CD4 T
ACTTAAGATTACTC-1,Dendritic
ACTTAGCTGCGTAT-1,FCGR3A Monocytes
ACTTAGCTGGGAGT-1,CD4 T
ACTTCAACAAGCAA-1,CD8 T
ACTTCAACGTAGGG-1,NK
ACTTCCCTTTCCGC-1,CD4 T
ACTTCTGACATGCA-1,B
ACTTGACTCCACAA-1,B
ACTTGGGAGAAAGT-1,CD14 Monocytes
ACTTGGGAGGTTTG-1,CD4 T
ACTTGGGATGTGAC-1,FCGR3A Monocytes
ACTTGGGATTGACG-1,CD14 Monocytes
ACTTGTACCTGTCC-1,CD4 T
ACTTTGTGGAAAGT-1,CD4 T
ACTTTGTGGATAGA-1,CD14 Monocytes
AGAAACGAAAGTAG-1,B
AGAAAGTGCGCAAT-1,CD4 T
AGAAAGTGGGGATG-1,CD14 Monocytes
AGAACAGAAATGCC-1,NK
AGAACAGACGACTA-1,B
AGAACAGAGACAAA-1,CD4 T
AGAACGCTTTGCTT-1,CD4 T
AGAAGATGTGACTG-1,CD4 T
AGAATGGAAGAAGT-1,CD8 T
AGAATTTGTAACCG-1,CD4 T
AGAATTTGTAGAGA-1,CD4 T
AGACACACTGTAGC-1,CD4 T
AGACACTGTCAAGC-1,CD14 Monocytes
AGACCTGAAGTAGA-1,CD14 Monocytes
AGACCTGACCAACA-1,CD4 T
AGACCTGAGGAAGC-1,CD8 T
AGACGTACAGAGGC-1,CD4 T
AGACGTACCCCTAC-1,B
AGACGTACCTCTTA-1,CD14 Monocytes
AGACGTACTCGTGA-1,FCGR3A Monocytes
AGACTGACCATCAG-1,CD8 T
AGACTGACCCTTTA-1,CD4 T
AGACTTCTCATGCA-1,B
AGAGATGACAGTCA-1,B
AGAGATGACTGAAC-1,CD4 T
AGAGATGAGGTTTG-1,CD14 Monocytes
AGAGATGATCTCGC-1,B
AGAGATGATTGTGG-1,CD4 T
AGAGCGGAGGCAAG-1,CD14 Monocytes
AGAGTCTGGTCGTA-1,FCGR3A Monocytes
AGAGTGCTCAGCTA-1,CD4 T
AGAGTGCTCGAATC-1,CD4 T
AGAGTGCTGTCATG-1,CD4 T
AGAGTGCTGTCCTC-1,CD8 T
AGAGTGCTGTGTTG-1,B
AGATATACCCGTAA-1,NK
AGATATACGATGAA-1,CD4 T
AGATATACTGTTCT-1,B
AGATATTGCCTACC-1,CD8 T
AGATATTGGCCAAT-1,CD14 Monocytes
AGATCGTGTCTGGA-1,CD14 Monocytes
AGATCGTGTTTGTC-1,B
AGATCTCTATCACG-1,B
AGATTAACGTTCTT-1,FCGR3A Monocytes
AGATTCCTATCGTG-1,CD4 T
AGATTCCTCACTTT-1,CD14 Monocytes
AGATTCCTGACGAG-1,CD14 Monocytes
AGATTCCTGTTCAG-1,NK
AGCAAAGATATGCG-1,CD4 T
AGCACAACAGTCTG-1,CD4 T
AGCACTGAGGGAGT-1,CD4 T
AGCACTGATATGCG-1,CD4 T
AGCACTGATGCTTT-1,Dendritic
AGCACTGATTGCGA-1,CD4 T
AGCATCGAAGATCC-1,CD4 T
AGCATCGAAGGGTG-1,B
AGCATCGAGCTTCC-1,CD14 Monocytes
AGCATCGAGTGAGG-1,CD4 T
AGCATCGATAACCG-1,CD14 Monocytes
AGCATGACGATGAA-1,CD8 T
AGCCAATGGGGAGT-1,FCGR3A Monocytes
AGCCAATGTATCTC-1,CD4 T
AGCCACCTGGATCT-1,CD8 T
AGCCGGTGCCAATG-1,CD4 T
AGCCGGTGTGTTTC-1,CD4 T
AGCCGTCTCAATCG-1,CD4 T
AGCCGTCTGAGAGC-1,CD4 T
AGCCTCACGTTCGA-1,CD4 T
AGCCTCACTGTCAG-1,FCGR3A Monocytes
AGCCTCTGCAGTTG-1,B
AGCCTCTGCCAATG-1,NK
AGCGAACTGGATCT-1,CD4 T
AGCGAACTTACTGG-1,CD4 T
AGCGATACGGAGCA-1,CD4 T
AGCGATTGAGATCC-1,NK
AGCGCCGAATCTCT-1,CD4 T
AGCGCCGACAGAGG-1,CD4 T
AGCGCTCTACCTTT-1,CD4 T
AGCGGCACCGGGAA-1,CD4 T
AGCGGCTGATGTGC-1,CD4 T
AGCGGGCTTGCCAA-1,CD4 T
AGCGTAACATGCTG-1,CD4 T
AGCGTAACTGAGAA-1,CD14 Monocytes
AGCTCGCTACTGGT-1,CD4 T
AGCTCGCTCTGCTC-1,CD4 T
AGCTGAACCATACG-1,FCGR3A Monocytes
AGCTGAACCTCTCG-1,CD4 T
AGCTGCCTTGGGAG-1,CD14 Monocytes
AGCTGCCTTTCATC-1,CD4 T
AGCTGCCTTTCTGT-1,CD4 T
AGCTGTGATCCAAG-1,CD4 T
AGCTTTACAAGTAG-1,CD4 T
AGCTTTACACCAAC-1,CD8 T
AGCTTTACTCTCAT-1,B
AGGAAATGAGGAGC-1,CD4 T
AGGAACCTCTTAGG-1,FCGR3A Monocytes
AGGAACCTTGCCTC-1,CD8 T
AGGAATGATAACGC-1,CD4 T
AGGAATGATTTGTC-1,CD4 T
AGGAGTCTGGTTTG-1,CD4 T
AGGAGTCTTGTCAG-1,CD4 T
AGGATAGACATTTC-1,CD4 T
AGGATAGAGGATTC-1,NK
AGGATGCTACTAGC-1,B
AGGATGCTTTAGGC-1,NK
AGGCAACTGAAGGC-1,CD4 T
AGGCAGGAGTACCA-1,CD8 T
AGGCCTCTAGTCGT-1,CD4 T
AGGCCTCTCGGAGA-1,CD4 T
AGGCCTCTCGTAAC-1,CD4 T
AGGGACGACGTTGA-1,CD4 T
AGGGACGAGTCAAC-1,NK
AGGGACGAGTTGTG-1,CD4 T
AGGGACGATAGAGA-1,CD8 T
AGGGACGATGCATG-1,CD8 T
AGGGAGTGAGCCTA-1,CD4 T
AGGGCCACCATACG-1,CD4 T
AGGGCGCTAACCAC-1,CD14 Monocytes
AGGGCGCTATGGTC-1,CD4 T
AGGGTGGACAGTCA-1,B
AGGGTGGACTCAAG-1,CD14 Monocytes
AGGGTGGAGTTGCA-1,CD8 T
AGGGTTTGTTCATC-1,CD14 Monocytes
AGGTCATGAGTGTC-1,B
AGGTCATGCTTATC-1,CD8 T
AGGTCTGATTCTCA-1,CD14 Monocytes
AGGTGGGAAGAATG-1,CD4 T
AGGTGGGAAGTTCG-1,CD4 T
AGGTGTTGGTTACG-1,B
AGGTTCGAACCTCC-1,CD14 Monocytes
AGGTTCGAACGTAC-1,CD14 Monocytes
AGGTTCGAGGGTGA-1,CD4 T
AGTAAGGAGTTTGG-1,CD4 T
AGTAAGGATTCTTG-1,CD4 T
AGTAATACATCACG-1,NK
AGTAATACCGAACT-1,B
AGTAATTGTCCCAC-1,CD4 T
AGTACGTGAGGGTG-1,CD4 T
AGTACGTGCTGCAA-1,CD4 T
AGTACGTGCTTGGA-1,CD4 T
AGTACTCTACGTGT-1,B
AGTACTCTCAACCA-1,CD8 T
AGTACTCTCGGTAT-1,CD4 T
AGTAGGCTTGCCTC-1,CD14 Monocytes
AGTATAACTTGTCT-1,FCGR3A Monocytes
AGTATCCTAGAACA-1,CD4 T
AGTCACGATGAGCT-1,NK
AGTCAGACGAATAG-1,CD4 T
AGTCAGACGCTTAG-1,CD4 T
AGTCAGACTAGAGA-1,CD8 T
AGTCAGACTGCACA-1,CD4 T
AGTCCAGATATCTC-1,CD4 T
AGTCCAGATTTCAC-1,CD4 T
AGTCGAACCAACCA-1,CD4 T
AGTCGCCTCCGTAA-1,CD4 T
AGTCTACTAGGGTG-1,CD14 Monocytes
AGTCTACTTGCATG-1,CD14 Monocytes
AGTCTTACACCACA-1,CD4 T
AGTCTTACTTCGCC-1,CD8 T
AGTCTTACTTCGGA-1,Megakaryocytes
AGTGACTGCAACTG-1,FCGR3A Monocytes
AGTGTTCTAACCTG-1,CD4 T
AGTGTTCTATAAGG-1,CD4 T
AGTGTTCTCACTTT-1,CD14 Monocytes
AGTTAAACCACTTT-1,CD4 T
AGTTATGAACAGTC-1,CD14 Monocytes
AGTTATGACTGAGT-1,CD4 T
AGTTATGAGTTCAG-1,CD4 T
AGTTCTACCAGCTA-1,CD14 Monocytes
AGTTCTTGAAGCCT-1,CD8 T
AGTTGTCTACTACG-1,CD4 T
AGTTTAGATGGTCA-1,CD4 T
AGTTTCACGGTCTA-1,CD8 T
AGTTTGCTACAGTC-1,CD4 T
AGTTTGCTACTGGT-1,NK
AGTTTGCTCCAAGT-1,CD4 T
ATAAACACAGTGCT-1,B
ATAAACACCACCAA-1,CD4 T
ATAACAACATGCTG-1,CD14 Monocytes
ATAACAACGTCTAG-1,CD4 T
ATAACAACTTTGTC-1,CD4 T
ATAACATGTACTCT-1,CD4 T
ATAACCCTGTTGGT-1,CD4 T
ATAACCCTTGGTAC-1,CD4 T
ATAAGTACGAATGA-1,B
ATAAGTTGGTACGT-1,FCGR3A Monocytes
ATAAGTTGTCTAGG-1,CD4 T
ATAATCGAGCTGAT-1,B
ATAATCGATGGTTG-1,CD4 T
ATAATGACCTACTT-1,CD4 T
ATAATGACTCGTGA-1,CD14 Monocytes
ATACAATGTTAGGC-1,CD4 T
ATACCACTCGTACA-1,CD14 Monocytes
ATACCACTCTAAGC-1,Dendritic
ATACCACTGCCAAT-1,CD8 T
ATACCGGAATGCTG-1,Dendritic
ATACCGGACATTTC-1,CD14 Monocytes
ATACCGGACTTCGC-1,CD4 T
ATACCGGAGGTGTT-1,CD14 Monocytes
ATACCGGATCTCGC-1,CD4 T
ATACCTACGCATCA-1,CD4 T
ATACCTTGGGGCAA-1,CD4 T
ATACGGACAGACTC-1,CD14 Monocytes
ATACGGACCTACTT-1,CD14 Monocytes
ATACGGACGAGGTG-1,B
ATACGGACTATGCG-1,B
ATACGGACTCTGGA-1,CD14 Monocytes
ATACGTCTTAACGC-1,CD14 Monocytes
ATACTCTGCTTCGC-1,CD14 Monocytes
ATACTCTGGTATGC-1,NK
ATAGATACCATGGT-1,CD8 T
ATAGATACGACGAG-1,CD4 T
ATAGATTGGTGTAC-1,B
ATAGCCGAACGGAG-1,CD4 T
ATAGCGTGCAGATC-1,CD4 T
ATAGCGTGCCCTTG-1,CD14 Monocytes
ATAGCGTGGTATCG-1,CD14 Monocytes
ATAGCGTGTCTCTA-1,CD4 T
ATAGCTCTCTGATG-1,CD4 T
ATAGCTCTGAGGTG-1,CD4 T
ATAGGAGAAACAGA-1,CD14 Monocytes
ATAGGCTGTCAGAC-1,CD4 T
ATAGTCCTAGTGTC-1,CD14 Monocytes
ATAGTCCTTGCATG-1,CD8 T
ATAGTCCTTGTCGA-1,CD4 T
ATAGTTGACAACTG-1,CD4 T
ATAGTTGACCCTCA-1,FCGR3A Monocytes
ATAGTTGAGACGTT-1,CD4 T
ATAGTTGATAAGCC-1,CD4 T
ATATACGAAGCCAT-1,CD4 T
ATATACGAATTGGC-1,CD4 T
ATATAGTGGAATGA-1,CD14 Monocytes
ATATGCCTAGATCC-1,CD14 Monocytes
ATATGCCTGGACAG-1,CD4 T
ATATGCCTTCTCTA-1,CD4 T
ATATGCCTTGGTAC-1,CD4 T
ATCAAATGAGCCTA-1,CD14 Monocytes
ATCAAATGGGTAAA-1,FCGR3A Monocytes
ATCAACCTAAACGA-1,CD4 T
ATCAACCTGAGGAC-1,CD4 T
ATCAACCTTCTCTA-1,CD8 T
ATCAACCTTTGTCT-1,CD8 T
ATCACACTTTGTCT-1,CD4 T
ATCACGGATTTCGT-1,B
ATCATCTGACACCA-1,Megakaryocytes
ATCATGCTAGAGTA-1,CD8 T
ATCATGCTGAACCT-1,B
ATCCAGGACGCTAA-1,FCGR3A Monocytes
ATCCAGGATGGAAA-1,CD4 T
ATCCATACTCCTTA-1,CD14 Monocytes
ATCCATACTTCATC-1,FCGR3A Monocytes
ATCCCGTGCAGTCA-1,NK
ATCCCGTGCATGCA-1,B
ATCCCGTGGCTGAT-1,B
ATCCGCACGCATCA-1,B
ATCCTAACGACGGA-1,B
ATCCTAACGCTACA-1,CD8 T
ATCGACGAAACTGC-1,CD14 Monocytes
ATCGACGAATGACC-1,CD4 T
ATCGAGTGGACGTT-1,CD8 T
ATCGCAGAATCTCT-1,FCGR3A Monocytes
ATCGCAGAGTGTCA-1,B
ATCGCCACTGAGGG-1,CD8 T
ATCGCCTGGGTCAT-1,CD4 T
ATCGCCTGTGGCAT-1,B
ATCGCGCTCAGAGG-1,CD14 Monocytes
ATCGCGCTGGGATG-1,CD4 T
ATCGCGCTTTTCGT-1,B
ATCGGAACCAGTCA-1,CD4 T
ATCGGTGAGTCAAC-1,CD4 T
ATCGGTGATTGCAG-1,CD4 T
ATCGTTTGCCTACC-1,CD14 Monocytes
ATCGTTTGGGTACT-1,CD14 Monocytes
ATCGTTTGTGCCAA-1,CD14 Monocytes
ATCTACACCCGCTT-1,CD14 Monocytes
ATCTACACCGGGAA-1,CD4 T
ATCTCAACAGGAGC-1,B
ATCTCAACCTCGAA-1,CD4 T
ATCTCAACCTTGTT-1,CD14 Monocytes
ATCTGGGAAACCAC-1,CD14 Monocytes
ATCTGGGAAGTGTC-1,CD14 Monocytes
ATCTGGGATTCCGC-1,CD8 T
ATCTGTTGAACGGG-1,CD4 T
ATCTGTTGACCTCC-1,CD4 T
ATCTGTTGCCTTCG-1,FCGR3A Monocytes
ATCTGTTGGTTGCA-1,CD4 T
ATCTTGACACCAAC-1,CD4 T
ATCTTGACCTCCCA-1,CD14 Monocytes
ATCTTTCTGCATCA-1,CD4 T
ATCTTTCTGTTTCT-1,CD8 T
ATCTTTCTTGTCCC-1,NK
ATGAAACTCTGTGA-1,CD8 T
ATGAAACTGAGGCA-1,CD4 T
ATGAAGGAACAGCT-1,CD8 T
ATGAAGGACCTGTC-1,B
ATGAAGGACCTTAT-1,B
ATGAAGGACTAGTG-1,B
ATGAAGGACTTGCC-1,NK
ATGACGTGACGACT-1,B
ATGACGTGATCGGT-1,CD14 Monocytes
ATGAGAGAAAGTGA-1,CD4 T
ATGAGAGAACGCAT-1,CD4 T
ATGAGAGAAGTAGA-1,B
ATGAGCACACAGCT-1,CD4 T
ATGAGCACATCTTC-1,CD4 T
ATGATAACTTCACT-1,NK
ATGATATGAAACAG-1,CD4 T
ATGATATGACTGGT-1,CD4 T
ATGATATGAGCACT-1,CD4 T
ATGATATGGTCATG-1,CD4 T
ATGATATGGTGCTA-1,NK
ATGATATGTTGTCT-1,CD14 Monocytes
ATGCACGAATGTCG-1,B
ATGCACGACTGTAG-1,CD4 T
ATGCACGAGAACCT-1,B
ATGCACGAGTTCGA-1,CD4 T
ATGCACGATTGGTG-1,CD14 Monocytes
ATGCAGTGTTACCT-1,B
ATGCAGTGTTCTAC-1,CD4 T
ATGCCAGAACGACT-1,CD4 T
ATGCCAGACAGTCA-1,CD14 Monocytes
ATGCCGCTTGAACC-1,CD14 Monocytes
ATGCGATGCTATGG-1,CD14 Monocytes
ATGCGATGCTGAGT-1,CD4 T
ATGCGATGGTTACG-1,B
ATGCGCCTTCATTC-1,CD4 T
ATGCTTTGCGAATC-1,CD4 T
ATGCTTTGGGCGAA-1,CD8 T
ATGCTTTGTAGTCG-1,B
ATGGACACATCGGT-1,CD4 T
ATGGACACGCATCA-1,NK
ATGGGTACAACCTG-1,B
ATGGGTACATCGGT-1,NK
ATGGGTACTATTCC-1,CD4 T
ATGGGTACTGGGAG-1,CD4 T
ATGTAAACACCTCC-1,CD4 T
ATGTAAACCCGCTT-1,CD4 T
ATGTAAACGGGATG-1,Dendritic
ATGTAAACTCTCCG-1,CD8 T
ATGTAAACTTCACT-1,CD14 Monocytes
ATGTACCTCAGTCA-1,CD4 T
ATGTACCTTAGTCG-1,CD4 T
ATGTACCTTTATCC-1,CD14 Monocytes
ATGTACCTTTCACT-1,CD8 T
ATGTCACTAATGCC-1,CD14 Monocytes
ATGTCACTCTGCTC-1,CD4 T
ATGTCGGAGGTGAG-1,CD4 T
ATGTTCACAGTCTG-1,CD14 Monocytes
ATGTTCACCGTAGT-1,CD4 T
ATGTTGCTTTCAGG-1,CD8 T
ATTAACGATGAGAA-1,NK
ATTAACGATGCAAC-1,CD8 T
ATTAAGACTGCAGT-1,CD4 T
ATTACCTGCCTTAT-1,CD14 Monocytes
ATTACCTGGAGGAC-1,FCGR3A Monocytes
ATTAGATGTTTCAC-1,CD4 T
ATTATGGAATCTCT-1,CD4 T
ATTCAAGAACGGGA-1,CD4 T
ATTCAAGACCTTTA-1,CD4 T
ATTCAGCTCATTGG-1,Megakaryocytes
ATTCCAACCATTGG-1,CD14 Monocytes
ATTCCAACTTAGGC-1,NK
ATTCGACTCACTAG-1,CD4 T
ATTCGACTGAATAG-1,CD14 Monocytes
ATTCGACTTTTGTC-1,FCGR3A Monocytes
ATTCGGGAAAGGCG-1,CD14 Monocytes
ATTCGGGATTAGGC-1,CD4 T
ATTCTTCTGATACC-1,CD4 T
ATTGAATGGACGGA-1,CD4 T
ATTGATGAAGGTTC-1,CD4 T
ATTGATGACTGAGT-1,CD4 T
ATTGATGAGCGAAG-1,CD4 T
ATTGATGATCTATC-1,CD4 T
ATTGCACTGACGGA-1,CD4 T
ATTGCACTGAGAGC-1,FCGR3A Monocytes
ATTGCACTGGAGCA-1,CD14 Monocytes
ATTGCACTTAGCCA-1,CD4 T
ATTGCACTTGCTTT-1,FCGR3A Monocytes
ATTGCTTGTTACTC-1,B
ATTGGTCTGACTAC-1,B
ATTGGTCTTGTCTT-1,B
ATTGTAGATTCCCG-1,Dendritic
ATTGTAGATTGCAG-1,CD4 T
ATTGTCTGCGTACA-1,CD4 T
ATTTAGGAACCATG-1,FCGR3A Monocytes
ATTTAGGACAGAGG-1,CD4 T
ATTTCCGAGATGAA-1,CD4 T
ATTTCCGAGTGCTA-1,CD4 T
ATTTCGTGTATGGC-1,NK
ATTTCTCTACTTTC-1,FCGR3A Monocytes
ATTTCTCTAGCAAA-1,CD4 T
ATTTCTCTCACTTT-1,FCGR3A Monocytes
ATTTCTCTTCCCAC-1,CD4 T
ATTTGCACAAGATG-1,CD14 Monocytes
CAAAGCACAGCTCA-1,CD4 T
CAAAGCACCGTAAC-1,B
CAAAGCACGGTAAA-1,CD8 T
CAAAGCTGAAAGTG-1,CD4 T
CAAAGCTGTTGCTT-1,CD14 Monocytes
CAAATATGTGACAC-1,CD4 T
CAAATTGAGGGCAA-1,CD4 T
CAAATTGATGGAGG-1,CD14 Monocytes
CAACCAGAAAAGTG-1,CD4 T
CAACCAGAAGTGCT-1,CD4 T
CAACCAGAGTTCAG-1,CD14 Monocytes
CAACCAGATAGAAG-1,CD14 Monocytes
CAACCGCTGTTCAG-1,CD4 T
CAACCGCTTTGAGC-1,CD4 T
CAACGATGCGCAAT-1,FCGR3A Monocytes
CAACGTGACTCCAC-1,CD14 Monocytes
CAACGTGAGCCATA-1,CD8 T
CAACGTGATCAAGC-1,CD14 Monocytes
CAAGAAGACCACAA-1,CD8 T
CAAGAAGACGTCTC-1,CD14 Monocytes
CAAGAAGATTCTAC-1,CD4 T
CAAGACTGACCTGA-1,B
CAAGACTGAGTAGA-1,B
CAAGCTGACCATAG-1,FCGR3A Monocytes
CAAGCTGATCTATC-1,CD8 T
CAAGGACTGTTCAG-1,CD4 T
CAAGGACTTCTTTG-1,CD8 T
CAAGGTTGCTCCAC-1,CD4 T
CAAGGTTGTCATTC-1,B
CAAGGTTGTCTGGA-1,NK
CAAGTCGAAACAGA-1,B
CAAGTCGATAGCGT-1,CD14 Monocytes
CAATAAACGCCATA-1,CD14 Monocytes
CAATAATGAACTGC-1,CD14 Monocytes
CAATATGACATGGT-1,CD4 T
CAATATGACCTTCG-1,NK
CAATATGACGTTAG-1,CD4 T
CAATATGAGGAGCA-1,CD4 T
CAATCGGAGAAACA-1,CD4 T
CAATCTACTGACTG-1,NK
CAATTCACCCAACA-1,CD8 T
CAATTCACGATAGA-1,CD4 T
CAATTCACTTGTGG-1,CD4 T
CAATTCTGCTTGTT-1,CD14 Monocytes
CAATTCTGGCGTAT-1,CD14 Monocytes
CACAACGATACGAC-1,CD4 T
CACAATCTTGTTCT-1,CD4 T
CACAATCTTTCCAT-1,CD8 T
CACACCTGCTTGAG-1,CD4 T
CACACCTGTATGGC-1,CD4 T
CACAGAACCCTTGC-1,CD4 T
CACAGAACCTGATG-1,CD4 T
CACAGATGGGATTC-1,CD4 T
CACAGATGGTTTCT-1,CD14 Monocytes
CACAGCCTGATACC-1,CD8 T
CACAGCCTTGCCAA-1,FCGR3A Monocytes
CACAGCCTTGTAGC-1,CD4 T
CACAGTGATGAAGA-1,CD14 Monocytes
CACATACTACAGCT-1,CD8 T
CACATGGAACACGT-1,CD4 T
CACATGGAAGTCGT-1,CD4 T
CACCACTGCCAACA-1,CD4 T
CACCACTGGCGAAG-1,NK
CACCCATGTTCTGT-1,CD4 T
CACCGGGAATCGAC-1,CD8 T
CACCGGGACGAGAG-1,CD8 T
CACCGGGACGTGTA-1,CD4 T
CACCGGGACTTCTA-1,CD8 T
CACCGGGACTTGCC-1,CD8 T
CACCGGGATTCGGA-1,CD8 T
CACCGTACTAAGGA-1,B
CACCGTACTAGCGT-1,CD4 T
CACCTGACACCCAA-1,CD8 T
CACCTGACCAGAAA-1,CD4 T
CACCTGACCTCAAG-1,CD8 T
CACCTGACGAAAGT-1,B
CACCTGACTCGTAG-1,CD4 T
CACGAAACTTCCGC-1,B
CACGACCTCGATAC-1,B
CACGCTACAGAAGT-1,CD4 T
CACGCTACTGTTCT-1,B
CACGGGACAGAGTA-1,CD4 T
CACGGGACATAAGG-1,CD4 T
CACGGGACGTAGGG-1,CD4 T
CACGGGTGCTTCGC-1,CD8 T
CACGGGTGGAGGAC-1,CD8 T
CACGGGTGTGTTTC-1,CD4 T
CACTAACTCCTAAG-1,B
CACTAACTGAAAGT-1,CD4 T
CACTAGGATGATGC-1,B
CACTATACCCCGTT-1,B
CACTATACGTTTGG-1,CD8 T
CACTGAGACAGTCA-1,CD14 Monocytes
CACTGCACTTCATC-1,CD4 T
CACTGCTGAGACTC-1,FCGR3A Monocytes
CACTGCTGGAAAGT-1,CD4 T
CACTTAACCGAATC-1,CD4 T
CACTTAACCGTACA-1,B
CACTTTGACTCTAT-1,CD8 T
CACTTTGAGCTGTA-1,CD8 T
CAGAAGCTCTCAAG-1,CD4 T
CAGACATGAACGGG-1,CD4 T
CAGACATGTCGACA-1,CD4 T
CAGACCCTAAGGTA-1,FCGR3A Monocytes
CAGACCCTAATGCC-1,CD4 T
CAGACCCTAGGAGC-1,CD4 T
CAGACTGAGTATGC-1,CD4 T
CAGATCGAATGTCG-1,B
CAGATCGACCTGAA-1,CD8 T
CAGATCGATATGGC-1,CD4 T
CAGATGACATTCTC-1,NK
CAGCAATGCCTTCG-1,CD4 T
CAGCAATGGAGGGT-1,NK
CAGCAATGGTGCTA-1,CD4 T
CAGCAATGTCTACT-1,CD14 Monocytes
CAGCAATGTGACCA-1,CD4 T
CAGCAATGTGAGGG-1,CD14 Monocytes
CAGCACCTAAGCCT-1,CD4 T
CAGCACCTAGGCGA-1,CD4 T
CAGCACCTGTAGGG-1,CD14 Monocytes
CAGCATGACAACCA-1,CD14 Monocytes
CAGCATGAGACGTT-1,CD8 T
CAGCCTACCCAACA-1,CD4 T
CAGCCTTGCTACCC-1,CD14 Monocytes
CAGCCTTGGGGACA-1,CD8 T
CAGCGGACACCCTC-1,CD4 T
CAGCGGACCTTTAC-1,NK
CAGCGTCTAAAGCA-1,CD4 T
CAGCGTCTTATCGG-1,CD4 T
CAGCTAGATGTGAC-1,CD14 Monocytes
CAGCTCTGAGGCGA-1,CD4 T
CAGCTCTGCAAGCT-1,CD8 T
CAGCTCTGTCGTAG-1,CD14 Monocytes
CAGCTCTGTGTGGT-1,NK
CAGGAACTAACTGC-1,CD8 T
CAGGAACTCTCAGA-1,CD14 Monocytes
CAGGCCGAACACCA-1,CD4 T
CAGGCCGAACACGT-1,CD8 T
CAGGCCGAACGACT-1,CD4 T
CAGGCCGAATCTCT-1,FCGR3A Monocytes
CAGGCCGACTAGCA-1,B
CAGGGCACCATACG-1,B
CAGGGCACCCAACA-1,CD4 T
CAGGGCACTCCCGT-1,CD4 T
CAGGTAACAGACTC-1,CD14 Monocytes
CAGGTATGAGTCGT-1,CD4 T
CAGGTATGTGCTTT-1,CD8 T
CAGGTTGAGGATCT-1,B
CAGTGATGGACGGA-1,B
CAGTGATGGCTAAC-1,CD8 T
CAGTGATGGGACAG-1,CD4 T
CAGTGATGTAAGGA-1,B
CAGTGATGTACGCA-1,CD4 T
CAGTGTGATGTCAG-1,CD4 T
CAGTTACTAAGGTA-1,B
CAGTTACTGATAGA-1,CD4 T
CAGTTGGAAAGAGT-1,CD14 Monocytes
CAGTTGGACATACG-1,CD4 T
CAGTTTACACACGT-1,NK
CAGTTTACCCCAAA-1,CD4 T
CATAAAACGGAGCA-1,CD14 Monocytes
CATAAATGAACTGC-1,CD4 T
CATAACCTTCTCCG-1,CD4 T
CATACTACCTCGAA-1,CD4 T
CATACTACCTGAAC-1,CD4 T
CATACTACGTACCA-1,CD14 Monocytes
CATACTTGGGTTAC-1,CD4 T
CATAGTCTAATCGC-1,CD4 T
CATAGTCTCACTTT-1,CD4 T
CATATAGACTAAGC-1,Dendritic
CATATAGATCAGGT-1,B
CATCAACTAGAAGT-1,CD4 T
CATCAACTCCCTCA-1,CD4 T
CATCAGGACTTCCG-1,NK
CATCAGGATAGCCA-1,NK
CATCAGGATCCTAT-1,FCGR3A Monocytes
CATCAGGATGCACA-1,CD14 Monocytes
CATCAGGATTTCGT-1,CD14 Monocytes
CATCATACCGCATA-1,CD14 Monocytes
CATCATACGGAGCA-1,B
CATCATACTCAAGC-1,CD4 T
CATCGCTGGGATCT-1,CD4 T
CATCGCTGTGGCAT-1,B
CATCGGCTATGCTG-1,CD4 T
CATCGGCTTTGGCA-1,CD4 T
CATCTCCTATGTGC-1,B
CATCTCCTCGAACT-1,CD14 Monocytes
CATGAGACACGGGA-1,B
CATGAGACGTTGAC-1,NK
CATGAGACTCGCCT-1,CD4 T
CATGCCACGGGTGA-1,CD4 T
CATGCCACTGCCAA-1,CD4 T
CATGCGCTAGTCAC-1,FCGR3A Monocytes
CATGCGCTCAGATC-1,CD14 Monocytes
CATGCGCTTTGCAG-1,FCGR3A Monocytes
CATGGCCTAGGGTG-1,CD14 Monocytes
CATGGCCTGTGCAT-1,CD4 T
CATGTACTATCGTG-1,CD8 T
CATGTTACAGTCGT-1,CD8 T
CATGTTACCTGAGT-1,CD4 T
CATGTTTGGGGATG-1,CD14 Monocytes
CATTACACACGGAG-1,B
CATTACACCAACTG-1,NK
CATTACACGGAGTG-1,CD4 T
CATTACACTACTCT-1,CD4 T
CATTAGCTCCACAA-1,CD14 Monocytes
CATTGACTAGCGGA-1,CD14 Monocytes
CATTGGGACTCGAA-1,CD4 T
CATTGTACAGCGTT-1,CD4 T
CATTGTACTCGATG-1,B
CATTGTACTTATCC-1,CD4 T
CATTGTACTTTGCT-1,FCGR3A Monocytes
CATTGTTGCTAGTG-1,CD4 T
CATTTCGACTCTAT-1,CD8 T
CATTTCGAGATACC-1,NK
CATTTGACCACACA-1,CD8 T
CATTTGACCCTGAA-1,CD8 T
CATTTGTGACGACT-1,B
CATTTGTGCATTGG-1,CD4 T
CATTTGTGCGGAGA-1,CD4 T
CATTTGTGGGATCT-1,B
CCAAAGTGCTACGA-1,CD14 Monocytes
CCAAAGTGTGAGAA-1,CD14 Monocytes
CCAACCTGAAGTAG-1,CD8 T
CCAACCTGACGTAC-1,CD14 Monocytes
CCAACCTGTTCGCC-1,CD14 Monocytes
CCAAGAACCCAATG-1,CD4 T
CCAAGAACGTAGCT-1,CD4 T
CCAAGAACGTGTCA-1,CD4 T
CCAAGAACTACTGG-1,CD8 T
CCAAGAACTCCTAT-1,B
CCAAGATGTCATTC-1,CD4 T
CCAAGATGTTTCAC-1,CD4 T
CCAAGTGAGGAACG-1,CD4 T
CCAAGTGATCAAGC-1,CD4 T
CCAATTTGAACGTC-1,CD14 Monocytes
CCACCATGAACGTC-1,CD4 T
CCACCATGATCGGT-1,CD4 T
CCACCATGGACGAG-1,FCGR3A Monocytes
CCACCATGGGGAGT-1,CD4 T
CCACCATGTCCTGC-1,CD8 T
CCACTGACCCGCTT-1,CD14 Monocytes
CCACTGTGGGAAGC-1,CD14 Monocytes
CCACTGTGTGTAGC-1,CD4 T
CCACTTCTCGGGAA-1,CD14 Monocytes
CCAGAAACCCTGTC-1,B
CCAGAAACGAACTC-1,CD4 T
CCAGAAACGGTCTA-1,CD4 T
CCAGACCTCTGAGT-1,CD14 Monocytes
CCAGACCTTGTGGT-1,CD8 T
CCAGCACTGCGATT-1,FCGR3A Monocytes
CCAGCGGAAAGGCG-1,CD14 Monocytes
CCAGCGGACGACTA-1,CD14 Monocytes
CCAGCGGATGGGAG-1,CD4 T
CCAGCTACACAGTC-1,CD4 T
CCAGCTACCAGCTA-1,B
CCAGGTCTACACCA-1,B
CCAGGTCTAGCATC-1,CD14 Monocytes
CCAGGTCTATGGTC-1,CD4 T
CCAGTCACACTGGT-1,CD14 Monocytes
CCAGTCACACTGTG-1,B
CCAGTCACGTTGTG-1,CD4 T
CCAGTGCTAACCAC-1,CD4 T
CCAGTGCTCGTAGT-1,CD4 T
CCATCCGAAAGCAA-1,CD4 T
CCATCCGAACGACT-1,CD8 T
CCATCCGAAGGTTC-1,B
CCATCCGATTCGCC-1,CD14 Monocytes
CCATCGTGAACGGG-1,CD4 T
CCATCGTGCTAGAC-1,FCGR3A Monocytes
CCCAACACCTCGCT-1,B
CCCAACACGCATCA-1,CD4 T
CCCAACACTTTGTC-1,CD14 Monocytes
CCCAACTGCAATCG-1,CD14 Monocytes
CCCAGACTGCCTTC-1,CD14 Monocytes
CCCAGACTGGTTTG-1,B
CCCAGACTTTCGCC-1,FCGR3A Monocytes
CCCAGTTGCAGTTG-1,CD14 Monocytes
CCCAGTTGGGTACT-1,CD4 T
CCCAGTTGTCTATC-1,B
CCCGATTGTGTTTC-1,CD4 T
CCCGGAGAAGGGTG-1,CD14 Monocytes
CCCTACGAATTGGC-1,CD14 Monocytes
CCCTAGTGCAAAGA-1,CD4 T
CCCTCAGACACTTT-1,B
CCCTCAGACGAGAG-1,CD4 T
CCCTCAGAGGTCAT-1,CD4 T
CCCTGAACTAAAGG-1,B
CCCTGATGCAACCA-1,CD4 T
CCCTGATGCAAGCT-1,B
CCCTTACTAACCAC-1,CD14 Monocytes
CCCTTACTGCAGTT-1,CD8 T
CCGAAAACCTTGTT-1,CD14 Monocytes
CCGACACTGGTTTG-1,CD4 T
CCGACTACCCAGTA-1,CD14 Monocytes
CCGACTACCGTGTA-1,CD4 T
CCGACTACTGAGGG-1,CD8 T
CCGATAGACCTAAG-1,CD4 T
CCGATAGAGTTGGT-1,CD14 Monocytes
CCGCGAGACACACA-1,CD14 Monocytes
CCGCGAGAGGTTCA-1,CD8 T
CCGCTATGGGACGA-1,B
CCGCTATGTGCAAC-1,CD14 Monocytes
CCGCTATGTGCACA-1,CD14 Monocytes
CCGGTACTGTCCTC-1,CD4 T
CCGTACACAAGCAA-1,CD4 T
CCGTACACAGCGTT-1,B
CCGTACACGTCATG-1,CD8 T
CCGTACACGTTGGT-1,CD14 Monocytes
CCGTACACTAACGC-1,CD4 T
CCTAAACTTTCGTT-1,CD4 T
CCTAAGGACCCAAA-1,CD4 T
CCTAAGGACTAGCA-1,CD14 Monocytes
CCTAAGGAGGGCAA-1,CD8 T
CCTAAGGATGATGC-1,CD4 T
CCTAAGGATGTCAG-1,CD4 T
CCTACCGACTCTTA-1,CD4 T
CCTACCGAGGGATG-1,B
CCTAGAGAGGTGAG-1,B
CCTATAACCAAAGA-1,CD4 T
CCTATAACGAGACG-1,FCGR3A Monocytes
CCTATAACTCAGAC-1,CD4 T
CCTATAACTGCATG-1,FCGR3A Monocytes
CCTCGAACACTTTC-1,NK
CCTCGAACCCGTAA-1,CD14 Monocytes
CCTCGAACGTATCG-1,CD4 T
CCTCGAACTTACTC-1,CD4 T
CCTCTACTCTTCGC-1,CD14 Monocytes
CCTCTACTGGCATT-1,CD4 T
CCTGACTGAAGTAG-1,CD8 T
CCTGACTGGGGAGT-1,CD4 T
CCTGACTGTGTCTT-1,B
CCTGCAACACGTTG-1,CD14 Monocytes
CCTGGACTCGTGAT-1,CD4 T
CCTTAATGCCCAAA-1,B
CCTTAATGTTCTAC-1,CD14 Monocytes
CCTTCACTACGACT-1,CD4 T
CCTTCACTCAGTCA-1,B
CCTTCACTGGAGTG-1,CD14 Monocytes
CCTTTAGATTCATC-1,CD14 Monocytes
CGAACATGCCCTAC-1,CD14 Monocytes
CGAACATGTCAGAC-1,CD4 T
CGAAGACTGGAACG-1,CD8 T
CGAAGACTGTTACG-1,CD4 T
CGAAGGGAAACCTG-1,CD8 T
CGAAGGGATCCGAA-1,B
CGAAGTACCAACTG-1,B
CGAATCGAGGAGCA-1,CD14 Monocytes
CGAATCGAGGAGGT-1,CD4 T
CGACAAACCCATAG-1,CD4 T
CGACAAACCGACAT-1,B
CGACCACTAAAGTG-1,NK
CGACCACTGCCAAT-1,NK
CGACCGGAAGGTCT-1,CD4 T
CGACCGGATGGAAA-1,CD4 T
CGACCTTGCTAGTG-1,CD4 T
CGACGTCTATCGTG-1,CD4 T
CGACGTCTCGTGTA-1,CD4 T
CGACGTCTGAGGCA-1,CD4 T
CGACTCACGTCGTA-1,CD4 T
CGACTCACGTTGCA-1,CD4 T
CGACTCTGTGTGAC-1,CD8 T
CGACTGCTTCCTCG-1,CD14 Monocytes
CGAGAACTAAGGCG-1,CD8 T
CGAGAACTACGTTG-1,CD4 T
CGAGAACTTGTTCT-1,CD14 Monocytes
CGAGATTGGACACT-1,CD8 T
CGAGATTGGCCATA-1,CD8 T
CGAGCCGAACACCA-1,CD4 T
CGAGCCGAGGCGAA-1,CD4 T
CGAGCGTGCTCCAC-1,CD4 T
CGAGCGTGGATACC-1,CD4 T
CGAGCGTGTATGCG-1,CD14 Monocytes
CGAGGAGACCTCCA-1,B
CGAGGAGATGTCGA-1,CD4 T
CGAGGCACCTATGG-1,CD8 T
CGAGGCACTATGCG-1,CD14 Monocytes
CGAGGCACTCTTCA-1,CD8 T
CGAGGCTGACGCTA-1,NK
CGAGGCTGGCAGTT-1,CD14 Monocytes
CGAGGGCTACGACT-1,B
CGAGGGCTCGAATC-1,CD4 T
CGAGTATGTCACCC-1,FCGR3A Monocytes
CGATACGAACAGTC-1,CD14 Monocytes
CGATACGACAGGAG-1,CD8 T
CGATACGATTCACT-1,B
CGATAGACCCGTAA-1,CD14 Monocytes
CGATAGACCGTACA-1,CD4 T
CGATAGACGTAGGG-1,CD14 Monocytes
CGATAGACTGTTCT-1,CD4 T
CGATCAGAAGAACA-1,CD8 T
CGATCAGAGAGGGT-1,CD4 T
CGATCAGAGGTACT-1,CD4 T
CGATCAGATGTGAC-1,Dendritic
CGATCCACCGGGAA-1,CD8 T
CGATCCACTTCCAT-1,B
CGCAAATGCTCGAA-1,CD4 T
CGCAACCTCCTTGC-1,CD4 T
CGCAACCTGGACGA-1,CD4 T
CGCACGGAGGACGA-1,B
CGCACGGATCTTTG-1,CD4 T
CGCACTACAGAATG-1,CD4 T
CGCACTACAGCCAT-1,CD4 T
CGCACTACATTGGC-1,CD4 T
CGCACTACTCGCCT-1,B
CGCACTACTCGTGA-1,CD4 T
CGCACTTGTCACGA-1,CD14 Monocytes
CGCAGGACAGATCC-1,CD8 T
CGCAGGACCTACTT-1,CD4 T
CGCAGGACTTGTCT-1,FCGR3A Monocytes
CGCAGGTGCACTGA-1,CD4 T
CGCAGGTGCCATAG-1,FCGR3A Monocytes
CGCAGGTGGGAACG-1,CD4 T
CGCATAGATCACGA-1,CD14 Monocytes
CGCCATACTGCAAC-1,CD4 T
CGCCATTGAGAGGC-1,CD4 T
CGCCATTGCTATGG-1,CD4 T
CGCCATTGGAGACG-1,CD4 T
CGCCATTGGAGCAG-1,B
CGCCATTGTACTGG-1,B
CGCCGAGAGCTTAG-1,NK
CGCCTAACGAATGA-1,Dendritic
CGCCTAACTGCTCC-1,CD4 T
CGCGAGACACAGCT-1,CD4 T
CGCGAGACAGGTCT-1,B
CGCGAGACGCTACA-1,CD4 T
CGCGATCTCAGTCA-1,CD14 Monocytes
CGCGATCTGTTGAC-1,CD14 Monocytes
CGCGATCTTTCTTG-1,B
CGCGGATGGCCAAT-1,CD4 T
CGCTAAGAATGTCG-1,CD4 T
CGCTAAGACAACTG-1,CD4 T
CGCTAAGACCCTTG-1,CD4 T
CGCTACTGAACAGA-1,CD14 Monocytes
CGCTACTGAGAACA-1,CD4 T
CGCTACTGTGAGCT-1,CD4 T
CGCTACTGTTCCCG-1,CD8 T
CGCTCATGCATTTC-1,CD14 Monocytes
CGGAATTGGTTTGG-1,CD4 T
CGGAATTGTGGAGG-1,CD4 T
CGGACCGATGCGTA-1,CD8 T
CGGACCGATGGGAG-1,CD4 T
CGGACTCTAAACAG-1,B
CGGACTCTCCAATG-1,CD4 T
CGGACTCTCCTCGT-1,NK
CGGAGGCTATTCCT-1,CD4 T
CGGAGGCTTGGATC-1,CD4 T
CGGATAACAACGAA-1,CD14 Monocytes
CGGATAACAGCTCA-1,CD4 T
CGGATAACTCAGTG-1,CD14 Monocytes
CGGCACGAACTCAG-1,CD8 T
CGGCACGAAGGGTG-1,CD4 T
CGGCACGACTACGA-1,FCGR3A Monocytes
CGGCATCTTAGAAG-1,CD4 T
CGGCATCTTCGTAG-1,CD14 Monocytes
CGGCCAGAAAGGTA-1,CD4 T
CGGCCAGAGAGGCA-1,CD8 T
CGGCGAACCAGTCA-1,CD14 Monocytes
CGGCGAACGACAAA-1,NK
CGGCGAACGGTCTA-1,CD4 T
CGGCGAACTACTTC-1,NK
CGGGACTGCGTGTA-1,CD4 T
CGGGACTGGAATAG-1,CD8 T
CGGGCATGACCCAA-1,FCGR3A Monocytes
CGGGCATGTCTCTA-1,NK
CGGGCATGTTGTGG-1,CD4 T
CGGTAAACTCGCAA-1,CD8 T
CGGTCACTGTTTGG-1,CD4 T
CGGTCACTTACTTC-1,CD4 T
CGTAACGATCGCCT-1,CD4 T
CGTACCACACACAC-1,CD4 T
CGTACCACACGTTG-1,CD4 T
CGTACCACCTCATT-1,CD4 T
CGTACCACGGAGCA-1,CD4 T
CGTACCTGGCATCA-1,NK
CGTAGCCTCTCTCG-1,CD14 Monocytes
CGTAGCCTGCGAAG-1,CD4 T
CGTAGCCTGTATGC-1,CD14 Monocytes
CGTCAAGAAAGGTA-1,CD14 Monocytes
CGTCAAGAACGTGT-1,CD4 T
CGTCAAGACAGAGG-1,CD4 T
CGTCAAGACAGGAG-1,CD8 T
CGTCCATGCTCTTA-1,CD4 T
CGTCGACTTTCCGC-1,CD8 T
CGTGATGACGCTAA-1,CD4 T
CGTGATGAGGTTCA-1,CD4 T
CGTGCACTTATGGC-1,CD14 Monocytes
CGTGTAGAAAAACG-1,CD4 T
CGTGTAGACGATAC-1,CD8 T
CGTGTAGAGTTACG-1,NK
CGTGTAGAGTTCAG-1,CD14 Monocytes
CGTGTAGATTCGGA-1,NK
CGTTAGGAAACCAC-1,CD4 T
CGTTAGGATCATTC-1,CD14 Monocytes
CGTTATACCCTGAA-1,CD8 T
CGTTTAACTGGTCA-1,CD4 T
CTAAACCTCTGACA-1,NK
CTAAACCTGTGCAT-1,B
CTAACACTAACGTC-1,CD4 T
CTAACACTAGTGCT-1,CD14 Monocytes
CTAACGGAACCGAT-1,NK
CTAACGGATTTCTG-1,CD4 T
CTAACTACGGCAAG-1,CD8 T
CTAAGGACACCATG-1,CD4 T
CTAAGGACCGTTAG-1,CD4 T
CTAAGGACGCCATA-1,CD14 Monocytes
CTAAGGTGCCTAAG-1,B
CTAAGGTGTTGCAG-1,CD4 T
CTAAGGTGTTTCTG-1,CD4 T
CTAATAGAGCTATG-1,CD4 T
CTAATGCTTGTGGT-1,CD14 Monocytes
CTACAACTCCCGTT-1,CD8 T
CTACCTCTCAACCA-1,CD8 T
CTACGCACACCTAG-1,FCGR3A Monocytes
CTACGCACTCTCCG-1,CD4 T
CTACGCACTGGTCA-1,NK
CTACGGCTTTCTTG-1,CD14 Monocytes
CTACTATGAACCAC-1,CD14 Monocytes
CTACTATGATGTGC-1,CD14 Monocytes
CTACTATGCTAAGC-1,CD4 T
CTACTATGTAAAGG-1,B
CTACTCCTATGTCG-1,NK
CTACTCCTGCCATA-1,CD14 Monocytes
CTAGAGACACTTTC-1,CD4 T
CTAGAGACAGCATC-1,CD8 T
CTAGAGACTTTGGG-1,CD14 Monocytes
CTAGATCTCTCTAT-1,CD4 T
CTAGATCTTCGACA-1,CD4 T
CTAGGATGAGCCTA-1,B
CTAGGATGATCGTG-1,B
CTAGGCCTCTCAGA-1,CD4 T
CTAGGTGATGGTTG-1,FCGR3A Monocytes
CTAGTTACCAGAGG-1,CD4 T
CTAGTTACCGCATA-1,CD4 T
CTAGTTACGAAACA-1,NK
CTATAAGATCGTTT-1,B
CTATACTGAGGTTC-1,CD14 Monocytes
CTATACTGCCAGTA-1,CD4 T
CTATACTGCGCTAA-1,CD14 Monocytes
CTATACTGCTACGA-1,NK
CTATACTGTCTCAT-1,NK
CTATACTGTTCGTT-1,CD4 T
CTATAGCTGTCACA-1,CD4 T
CTATAGCTTCGCTC-1,CD14 Monocytes
CTATAGCTTGCCTC-1,CD14 Monocytes
CTATCAACGAACTC-1,CD4 T
CTATCAACGCAGAG-1,CD4 T
CTATCAACTTTGGG-1,CD4 T
CTATCCCTCCACCT-1,CD14 Monocytes
CTATGTACGAGAGC-1,CD4 T
CTATGTACGCTTAG-1,CD4 T
CTATGTACTGTTTC-1,B
CTATGTTGAAAGCA-1,CD4 T
CTATGTTGTCCTCG-1,CD4 T
CTATGTTGTCTCGC-1,CD4 T
CTATTGACAAACGA-1,CD14 Monocytes
CTATTGACACTGGT-1,CD14 Monocytes
CTATTGACGGTGAG-1,FCGR3A Monocytes
CTATTGTGGCAAGG-1,CD4 T
CTCAATTGGTTCAG-1,CD4 T
CTCAATTGGTTGCA-1,CD14 Monocytes
CTCAGAGATAGAAG-1,CD4 T
CTCAGCACTCTAGG-1,CD4 T
CTCAGCACTGAACC-1,CD14 Monocytes
CTCAGCACTTGCAG-1,CD4 T
CTCAGCTGAACCTG-1,CD14 Monocytes
CTCAGCTGCAGTTG-1,CD4 T
CTCAGGCTCGTTGA-1,FCGR3A Monocytes
CTCAGGCTGCTAAC-1,CD4 T
CTCATTGACCTTAT-1,CD4 T
CTCATTGATGCTTT-1,CD14 Monocytes
CTCCACGAGAGATA-1,Dendritic
CTCCATCTCTTAGG-1,CD4 T
CTCCATCTGACGAG-1,CD4 T
CTCCGAACAAGTGA-1,FCGR3A Monocytes
CTCCTACTGCCTTC-1,CD14 Monocytes
CTCGAAGATGTGGT-1,CD4 T
CTCGAAGATTAGGC-1,CD14 Monocytes
CTCGACTGCTCTAT-1,CD4 T
CTCGACTGGGTGAG-1,CD4 T
CTCGACTGGTTGAC-1,NK
CTCGAGCTCTGGAT-1,CD8 T
CTCGCATGACTTTC-1,CD4 T
CTCGCATGCTTAGG-1,CD4 T
CTCTAAACCTCGAA-1,CD4 T
CTCTAAACGGCGAA-1,CD4 T
CTCTAATGTCCAAG-1,CD14 Monocytes
CTGAACGACAGTCA-1,CD4 T
CTGAACGATGAGGG-1,CD4 T
CTGAAGACCCAACA-1,CD8 T
CTGAAGACGTGCAT-1,B
CTGAAGTGAAGCCT-1,FCGR3A Monocytes
CTGAAGTGCAGCTA-1,B
CTGAAGTGGCTATG-1,CD4 T
CTGAAGTGTCCAGA-1,CD4 T
CTGAATCTGAATAG-1,CD4 T
CTGACAGAATCGTG-1,CD8 T
CTGACCACAGCAAA-1,CD4 T
CTGAGAACCGGGAA-1,CD4 T
CTGAGAACGTAAAG-1,CD8 T
CTGATACTAGTAGA-1,CD4 T
CTGATTTGGTGTTG-1,CD14 Monocytes
CTGCAGCTAACCGT-1,CD4 T
CTGCAGCTGACACT-1,CD4 T
CTGCAGCTGGATTC-1,CD14 Monocytes
CTGCAGCTTGGCAT-1,CD8 T
CTGCCAACAGGAGC-1,CD4 T
CTGCCAACCAGCTA-1,CD4 T
CTGCCAACTAACCG-1,CD14 Monocytes
CTGCCAACTGCTCC-1,CD8 T
CTGCCAACTTGCAG-1,CD4 T
CTGCCAACTTGCTT-1,CD8 T
CTGCGACTCCACCT-1,CD8 T
CTGGAAACAAACGA-1,CD8 T
CTGGAAACATCGAC-1,CD4 T
CTGGATGACTGGAT-1,CD8 T
CTGGATGACTTGTT-1,CD4 T
CTGGATGATGTGAC-1,B
CTGGCACTCAAGCT-1,CD14 Monocytes
CTGTAACTAACCAC-1,CD4 T
CTGTAACTAGCGTT-1,CD4 T
CTGTATACGTAAAG-1,CD4 T
CTGTATACGTACGT-1,CD14 Monocytes
CTGTATACGTTGGT-1,CD4 T
CTGTGAGACAACCA-1,FCGR3A Monocytes
CTGTGAGACCTTGC-1,CD8 T
CTGTGAGACGAACT-1,CD14 Monocytes
CTGTGAGACTGTAG-1,CD14 Monocytes
CTTAAAGAACCTGA-1,CD4 T
CTTAACACCTGTAG-1,CD4 T
CTTAACACTATCGG-1,B
CTTAAGCTACCTAG-1,CD4 T
CTTAAGCTAGTACC-1,CD4 T
CTTAAGCTCATCAG-1,CD4 T
CTTAAGCTCCGCTT-1,B
CTTACAACTAACGC-1,CD4 T
CTTACAACTCCCGT-1,CD14 Monocytes
CTTACTGACGTACA-1,CD4 T
CTTAGACTAAACGA-1,CD4 T
CTTAGGGACTTGCC-1,CD4 T
CTTAGGGAGAATCC-1,CD4 T
CTTATCGACTCATT-1,CD4 T
CTTCACCTACCTGA-1,FCGR3A Monocytes
CTTCATGAAGCATC-1,B
CTTCATGAAGTACC-1,CD4 T
CTTCATGACCGAAT-1,CD8 T
CTTGAACTACGCAT-1,CD4 T
CTTGATTGAGGTTC-1,CD8 T
CTTGATTGATCTTC-1,FCGR3A Monocytes
CTTGATTGCATTCT-1,CD4 T
CTTGATTGTTTCGT-1,CD4 T
CTTGTATGACACCA-1,B
CTTGTATGCGCAAT-1,B
CTTTACGAGCGAAG-1,CD4 T
CTTTAGACCGTGAT-1,CD4 T
CTTTAGACGAGACG-1,CD4 T
CTTTAGACGATACC-1,CD4 T
CTTTAGACGTTGGT-1,CD4 T
CTTTAGACTCATTC-1,CD8 T
CTTTAGTGACGGGA-1,NK
CTTTAGTGGGTGGA-1,CD4 T
CTTTCAGAGAAACA-1,CD4 T
CTTTGATGAGCACT-1,CD4 T
CTTTGATGTCTAGG-1,CD8 T
CTTTGATGTGTCCC-1,CD4 T
CTTTGATGTGTGGT-1,CD4 T
GAAACAGAACTACG-1,CD4 T
GAAACAGAATCACG-1,CD4 T
GAAACAGACATTCT-1,CD4 T
GAAACCTGATCGTG-1,CD4 T
GAAACCTGATGCCA-1,CD4 T
GAAACCTGCTTATC-1,CD4 T
GAAACCTGGACTAC-1,FCGR3A Monocytes
GAAACCTGTGCTAG-1,CD4 T
GAAAGATGATTTCC-1,CD4 T
GAAAGATGCTGATG-1,FCGR3A Monocytes
GAAAGATGCTTCGC-1,CD14 Monocytes
GAAAGATGTAAGGA-1,CD4 T
GAAAGCCTACGTTG-1,B
GAAAGTGAAAGTGA-1,Dendritic
GAAAGTGACCACAA-1,CD14 Monocytes
GAAAGTGACTCAAG-1,CD4 T
GAAATACTACCAAC-1,CD14 Monocytes
GAAATACTCTTAGG-1,B
GAAATACTTCCTCG-1,CD4 T
GAACACACGTGCAT-1,CD14 Monocytes
GAACACACTGCCTC-1,CD4 T
GAACAGCTAACTGC-1,CD14 Monocytes
GAACAGCTCTCAGA-1,FCGR3A Monocytes
GAACCAACCACAAC-1,CD4 T
GAACCAACTTCCGC-1,NK
GAACCTGAACGTGT-1,CD8 T
GAACCTGAGAGACG-1,CD4 T
GAACCTGATGAACC-1,CD8 T
GAACGGGATACTTC-1,CD4 T
GAACTGTGACCTGA-1,FCGR3A Monocytes
GAACTGTGCCAGTA-1,CD14 Monocytes
GAAGAATGCAATCG-1,CD4 T
GAAGCGGACCTATT-1,CD14 Monocytes
GAAGCTACGAATGA-1,CD14 Monocytes
GAAGCTACGGTTTG-1,CD4 T
GAAGGGTGAAAGTG-1,CD4 T
GAAGGGTGCTTAGG-1,CD14 Monocytes
GAAGGTCTGAAAGT-1,CD4 T
GAAGGTCTGTTGCA-1,CD4 T
GAAGGTCTTAAAGG-1,Dendritic
GAAGTAGACTCCCA-1,CD8 T
GAAGTAGATCCAAG-1,FCGR3A Monocytes
GAAGTCACCCTCGT-1,CD14 Monocytes
GAAGTCACCCTGTC-1,B
GAAGTCTGTCGCAA-1,B
GAAGTCTGTTCTGT-1,CD4 T
GAAGTGCTAAACGA-1,NK
GAAGTGCTCCGCTT-1,CD14 Monocytes
GAAGTGCTTAACCG-1,CD4 T
GAATGCACCCTAAG-1,CD4 T
GAATGCACCTTCGC-1,NK
GAATGCTGCGGTAT-1,CD4 T
GAATTAACGATAAG-1,CD4 T
GAATTAACGGTCAT-1,CD4 T
GAATTAACGTCGTA-1,NK
GAATTAACTGAAGA-1,B
GACAACACAGGCGA-1,CD4 T
GACAACACATCGTG-1,CD4 T
GACAACACTCGCCT-1,CD4 T
GACAACTGAGGTTC-1,CD4 T
GACAGGGAAGAGTA-1,B
GACAGGGAATGCCA-1,CD4 T
GACAGTACGAGCTT-1,FCGR3A Monocytes
GACAGTACTTCGGA-1,FCGR3A Monocytes
GACAGTTGAGTAGA-1,B
GACATTCTCCACCT-1,Dendritic
GACCAAACGACTAC-1,CD14 Monocytes
GACCAAACGTATCG-1,CD14 Monocytes
GACCCTACTAAAGG-1,B
GACCTAGACCTCAC-1,CD4 T
GACCTAGACGAGAG-1,CD4 T
GACCTCACAAGGTA-1,CD4 T
GACCTCACGTACGT-1,CD14 Monocytes
GACCTCTGCATCAG-1,CD4 T
GACGAACTCCCACT-1,CD4 T
GACGATTGCCAATG-1,B
GACGCCGACCTTCG-1,CD4 T
GACGCTCTCTCTCG-1,Megakaryocytes
GACGGCACACGGGA-1,NK
GACGGCACGAGATA-1,CD14 Monocytes
GACGTAACCTATGG-1,CD4 T
GACGTAACCTGTGA-1,CD4 T
GACGTAACTATGGC-1,CD4 T
GACGTATGTTGACG-1,CD4 T
GACGTATGTTTGCT-1,CD4 T
GACGTCCTACGGAG-1,CD4 T
GACGTCCTCTCAAG-1,CD14 Monocytes
GACGTCCTGATAAG-1,B
GACTACGATGGTCA-1,B
GACTCCTGCTCGCT-1,CD4 T
GACTCCTGGGTTAC-1,CD4 T
GACTCCTGTTATCC-1,CD4 T
GACTCCTGTTGGTG-1,CD14 Monocytes
GACTGAACCAATCG-1,CD14 Monocytes
GACTGATGTGATGC-1,CD4 T
GACTTTACATGCCA-1,CD4 T
GACTTTACGACAGG-1,B
GAGAAATGTTCTCA-1,B
GAGATAGAAAAAGC-1,CD14 Monocytes
GAGATCACGACAAA-1,FCGR3A Monocytes
GAGATGCTCTGGAT-1,CD8 T
GAGATGCTGAATGA-1,CD4 T
GAGCAGGATTCCCG-1,CD8 T
GAGCATACTTTGCT-1,CD4 T
GAGCGCACGCGTAT-1,CD14 Monocytes
GAGCGCACGGTGAG-1,CD8 T
GAGCGCTGAAGATG-1,NK
GAGCGCTGTCTTAC-1,CD14 Monocytes
GAGCGGCTGGGAGT-1,B
GAGGACGACTCAGA-1,CD8 T
GAGGATCTGAAAGT-1,B
GAGGCAGACTTGCC-1,CD8 T
GAGGGAACACCAGT-1,CD8 T
GAGGGAACGAGGGT-1,CD4 T
GAGGGATGGGAAAT-1,CD4 T
GAGGGCCTTCACCC-1,CD4 T
GAGGGTGAAGAGTA-1,CD4 T
GAGGTACTACGGTT-1,CD4 T
GAGGTACTACTCAG-1,CD14 Monocytes
GAGGTACTGACACT-1,NK
GAGGTACTGGGAGT-1,CD4 T
GAGGTACTTAGCGT-1,CD14 Monocytes
GAGGTGGAGTACGT-1,CD4 T
GAGGTGGATCCTCG-1,NK
GAGGTTACTCGTTT-1,CD14 Monocytes
GAGGTTTGTAAGCC-1,CD14 Monocytes
GAGTCAACCATTCT-1,CD4 T
GAGTCAACGGGAGT-1,CD4 T
GAGTCTGATCGTGA-1,CD4 T
GAGTCTGATTTGGG-1,B
GAGTGACTCAGCTA-1,CD4 T
GAGTGACTCGGTAT-1,CD8 T
GAGTGACTCTTGCC-1,B
GAGTGACTGACTAC-1,B
GAGTGACTGTCTAG-1,CD4 T
GAGTGGGAGTCTTT-1,B
GAGTGGGATGCCCT-1,CD4 T
GAGTGGGATGCTGA-1,B
GAGTGTTGCTGTAG-1,CD8 T
GAGTGTTGTGGTCA-1,CD4 T
GAGTTGTGCATGGT-1,CD14 Monocytes
GAGTTGTGCTGAGT-1,CD8 T
GAGTTGTGGCGAGA-1,CD14 Monocytes
GAGTTGTGGTAGCT-1,Megakaryocytes
GAGTTGTGTATGCG-1,FCGR3A Monocytes
GATAAGGAGAAACA-1,CD14 Monocytes
GATAAGGATTCACT-1,CD14 Monocytes
GATACTCTATCGGT-1,CD4 T
GATACTCTTACTTC-1,CD4 T
GATACTCTTGACTG-1,CD14 Monocytes
GATAGAGAAGGGTG-1,NK
GATAGAGACTGTGA-1,CD4 T
GATAGAGATCACGA-1,Dendritic
GATAGCACCCATAG-1,CD4 T
GATAGCACGAAGGC-1,CD14 Monocytes
GATAGCACTTGTCT-1,CD4 T
GATATAACAAGGTA-1,CD4 T
GATATAACACGCAT-1,CD4 T
GATATATGCTGGAT-1,CD4 T
GATATATGTCCGTC-1,CD8 T
GATATATGTGGAGG-1,CD14 Monocytes
GATATCCTAGAAGT-1,CD4 T
GATATCCTCCCGTT-1,CD14 Monocytes
GATATTGACAGGAG-1,CD4 T
GATATTGACGAGTT-1,FCGR3A Monocytes
GATATTGAGCCAAT-1,CD4 T
GATCCCTGACCTTT-1,NK
GATCCCTGTGTAGC-1,CD8 T
GATCCGCTGGTCAT-1,CD14 Monocytes
GATCGAACCGAGAG-1,CD8 T
GATCGATGACTAGC-1,B
GATCGATGGTAAAG-1,B
GATCGATGTAAGGA-1,CD14 Monocytes
GATCGTGACACTAG-1,CD4 T
GATCGTGATTCACT-1,CD4 T
GATCTACTGGTGAG-1,CD4 T
GATCTACTTTGCAG-1,B
GATCTTACACCCAA-1,FCGR3A Monocytes
GATCTTACCCTACC-1,CD4 T
GATCTTACGAATAG-1,CD14 Monocytes
GATCTTACGAGATA-1,CD14 Monocytes
GATGCAACTCCAGA-1,CD4 T
GATGCCCTACGTAC-1,CD4 T
GATGCCCTCTCATT-1,CD4 T
GATGCCCTGGCAAG-1,CD14 Monocytes
GATGCCCTTTTGCT-1,CD4 T
GATTACCTTGTTCT-1,CD4 T
GATTCGGAACGACT-1,CD4 T
GATTCGGACAGGAG-1,CD14 Monocytes
GATTCGGAGAAGGC-1,FCGR3A Monocytes
GATTCTTGATTCGG-1,CD14 Monocytes
GATTCTTGCCGATA-1,CD4 T
GATTCTTGCGAGTT-1,B
GATTGGACCCGTTC-1,B
GATTGGACGGTGTT-1,B
GATTGGACTTTCGT-1,B
GATTGGTGTGTCAG-1,CD4 T
GATTTAGACACTCC-1,FCGR3A Monocytes
GATTTAGACTAAGC-1,B
GATTTAGATTCGTT-1,CD14 Monocytes
GATTTGCTAACGAA-1,CD4 T
GATTTGCTAACGGG-1,CD14 Monocytes
GCAACCCTCCTCGT-1,CD14 Monocytes
GCAACTGATTGCGA-1,CD4 T
GCAAGACTACTGGT-1,CD8 T
GCAAGACTAGGTCT-1,CD4 T
GCAAGACTCCCTTG-1,CD4 T
GCAATCGACTGCAA-1,CD4 T
GCAATCGAGACGTT-1,CD14 Monocytes
GCAATCGATCCTTA-1,CD14 Monocytes
GCAATTCTCGTGTA-1,CD4 T
GCAATTCTTCTCCG-1,CD4 T
GCACAAACAATGCC-1,CD4 T
GCACAAACGGTACT-1,CD4 T
GCACAATGGTGCAT-1,Dendritic
GCACACCTGTGCTA-1,NK
GCACCACTCATGAC-1,CD14 Monocytes
GCACCACTGTTTGG-1,CD14 Monocytes
GCACCACTTCCTTA-1,NK
GCACCACTTTCGGA-1,CD14 Monocytes
GCACCTACGCGATT-1,CD4 T
GCACCTTGGCTGTA-1,CD4 T
GCACCTTGGGGAGT-1,CD14 Monocytes
GCACGGACCAGCTA-1,CD4 T
GCACGGTGACCTCC-1,CD4 T
GCACGGTGCTATGG-1,CD14 Monocytes
GCACTAGAACGGGA-1,CD4 T
GCACTAGAAGATGA-1,B
GCACTAGACCTTTA-1,FCGR3A Monocytes
GCACTAGACGTAAC-1,B
GCACTAGAGTCGTA-1,NK
GCACTAGATGCAAC-1,CD4 T
GCACTGCTGAGGCA-1,CD8 T
GCAGATACAGCGTT-1,CD8 T
GCAGATACGACGGA-1,CD4 T
GCAGATACGCAGAG-1,CD4 T
GCAGCCGACAGTCA-1,CD4 T
GCAGCGTGCACTCC-1,CD4 T
GCAGCTCTCAATCG-1,CD4 T
GCAGCTCTGTTTCT-1,CD4 T
GCAGGGCTAAGAAC-1,CD4 T
GCAGGGCTAAGGGC-1,CD4 T
GCAGGGCTATCGAC-1,NK
GCAGGGCTTGGGAG-1,CD8 T
GCAGTCCTAACTGC-1,CD4 T
GCAGTCCTCTCTTA-1,CD4 T
GCATCAGATGCGTA-1,CD8 T
GCATGTGACAAGCT-1,CD4 T
GCATTGGAGAAGGC-1,CD4 T
GCCAAAACGAGGCA-1,CD8 T
GCCAAATGATCGAC-1,CD8 T
GCCAACCTACGGTT-1,CD4 T
GCCAACCTCGCCTT-1,CD4 T
GCCACGGAGGCGAA-1,CD14 Monocytes
GCCACGGATACTGG-1,CD4 T
GCCACTACGTCTTT-1,CD4 T
GCCCAACTACCGAT-1,CD4 T
GCCCAACTATGGTC-1,CD8 T
GCCCATACAGCGTT-1,CD8 T
GCCGACGAACTCTT-1,CD14 Monocytes
GCCGAGTGCGTTGA-1,CD8 T
GCCGGAACGAACTC-1,CD8 T
GCCGGAACGTTCTT-1,NK
GCCGGAACTGCACA-1,CD8 T
GCCGGAACTTACTC-1,CD4 T
GCCGTACTACCTGA-1,CD4 T
GCCGTACTGGCAAG-1,CD14 Monocytes
GCCTACACAGTTCG-1,NK
GCCTACACCACTGA-1,FCGR3A Monocytes
GCCTACACCTTGAG-1,CD4 T
GCCTAGCTACGGAG-1,B
GCCTAGCTCTATTC-1,CD4 T
GCCTAGCTTCTCAT-1,CD4 T
GCCTAGCTTCTCTA-1,FCGR3A Monocytes
GCCTCAACCATGGT-1,CD4 T
GCCTCAACTCTTTG-1,CD8 T
GCCTCATGTCTTAC-1,CD8 T
GCCTGACTCTCAAG-1,CD14 Monocytes
GCGAAGGAACTCTT-1,CD4 T
GCGAAGGATGCCAA-1,CD4 T
GCGAGAGAGGGACA-1,CD4 T
GCGAGCACTGTCGA-1,B
GCGAGCACTTGACG-1,CD4 T
GCGAGCACTTGCTT-1,CD14 Monocytes
GCGATATGGTACGT-1,CD4 T
GCGATATGGTGTTG-1,CD4 T
GCGCACGAAGTCGT-1,CD4 T
GCGCACGACTTTAC-1,CD14 Monocytes
GCGCATCTAGGTCT-1,CD4 T
GCGCATCTGGTTAC-1,Megakaryocytes
GCGCATCTTCGATG-1,CD4 T
GCGCATCTTGCTCC-1,NK
GCGCATCTTTCTAC-1,CD4 T
GCGCGAACGTTCTT-1,B
GCGCGATGAACGGG-1,CD4 T
GCGCGATGGTGCAT-1,NK
GCGGAGCTCCTGAA-1,CD4 T
GCGGCAACCCGATA-1,CD4 T
GCGGCAACGGAGGT-1,B
GCGGCAACTGTCGA-1,CD14 Monocytes
GCGTAAACACGGTT-1,Dendritic
GCGTAATGCACCAA-1,FCGR3A Monocytes
GCGTATGAACACCA-1,CD4 T
GCGTATGATGAGAA-1,CD14 Monocytes
GCTACAGAAAGGTA-1,CD4 T
GCTACAGAATCTTC-1,B
GCTACCTGAGAAGT-1,CD14 Monocytes
GCTACCTGATCACG-1,CD4 T
GCTACGCTAGAATG-1,CD4 T
GCTACGCTAGCTAC-1,CD4 T
GCTACGCTCCCTAC-1,CD4 T
GCTAGAACAGAGGC-1,B
GCTAGAACGGATCT-1,CD4 T
GCTAGAACTCCCGT-1,CD4 T
GCTAGATGAGCTCA-1,CD14 Monocytes
GCTAGATGGCGATT-1,CD8 T
GCTATACTAAGGCG-1,CD4 T
GCTATACTAGCGTT-1,CD8 T
GCTATACTCTCTTA-1,CD4 T
GCTATACTGGACGA-1,CD4 T
GCTCAAGAACCATG-1,B
GCTCAAGAAGTCAC-1,CD14 Monocytes
GCTCAGCTGTCTAG-1,CD4 T
GCTCCATGAGAAGT-1,CD8 T
GCTCCATGCCGAAT-1,CD4 T
GCTCGACTCTAGTG-1,CD14 Monocytes
GCTGATGAGGTATC-1,CD14 Monocytes
GCTTAACTACAGTC-1,CD14 Monocytes
GCTTAACTACTGGT-1,CD8 T
GCTTAACTGCTGAT-1,CD4 T
GCTTAACTTAGACC-1,CD14 Monocytes
GCTTAACTTCAGTG-1,CD4 T
GGAACACTCACTTT-1,CD14 Monocytes
GGAACACTTCAGAC-1,Megakaryocytes
GGAACTACTACTTC-1,CD4 T
GGAACTTGAAGGTA-1,CD14 Monocytes
GGAACTTGAGAATG-1,CD4 T
GGAACTTGCTCCAC-1,CD14 Monocytes
GGAACTTGGGTAGG-1,B
GGAAGGACATCGGT-1,CD14 Monocytes
GGAAGGACCACTAG-1,CD8 T
GGAAGGACGAGGGT-1,CD4 T
GGAAGGACGCGAAG-1,CD8 T
GGAAGGTGGCGAGA-1,NK
GGAATCTGAAGGGC-1,CD4 T
GGAATCTGAGGAGC-1,CD4 T
GGAATCTGCTTAGG-1,B
GGAATCTGCTTGTT-1,CD14 Monocytes
GGAATCTGGGAGGT-1,CD4 T
GGAATGCTTTCTAC-1,CD4 T
GGACAGGAAAGGGC-1,CD8 T
GGACAGGAGTGCTA-1,B
GGACAGGATCTCGC-1,CD4 T
GGACCCGAAGCTAC-1,CD14 Monocytes
GGACCGTGCTTACT-1,CD14 Monocytes
GGACCGTGGGAACG-1,Dendritic
GGACCGTGTAACGC-1,CD4 T
GGACCTCTGTAAGA-1,CD14 Monocytes
GGACCTCTTTTCTG-1,CD8 T
GGACGAGAGTGTCA-1,CD14 Monocytes
GGACGCTGACGCAT-1,CD8 T
GGACGCTGCTAGCA-1,CD4 T
GGACGCTGTCCTCG-1,NK
GGAGAGACGTGAGG-1,B
GGAGCAGATTCAGG-1,B
GGAGCCACCTTCTA-1,B
GGAGCGCTACGCAT-1,CD14 Monocytes
GGAGCGCTCCGAAT-1,CD4 T
GGAGGATGCCACCT-1,CD4 T
GGAGGATGGTTGAC-1,CD14 Monocytes
GGAGGATGTCAGTG-1,CD14 Monocytes
GGAGGCCTCGTTGA-1,NK
GGAGGCCTTTCTTG-1,CD4 T
GGAGGTGATACGCA-1,CD4 T
GGAGGTGATCGCTC-1,CD4 T
GGATACTGCAGCTA-1,CD4 T
GGATACTGTCTAGG-1,CD4 T
GGATAGCTCGTCTC-1,CD4 T
GGATAGCTCTGAAC-1,CD8 T
GGATGTACCAAAGA-1,B
GGATGTACGCGAAG-1,CD4 T
GGATGTACGTCTTT-1,CD14 Monocytes
GGATGTACGTGTCA-1,CD8 T
GGATTTCTAGGTTC-1,CD4 T
GGATTTCTTTGTCT-1,CD14 Monocytes
GGCAAGGAAAAAGC-1,NK
GGCAAGGAAGAAGT-1,CD4 T
GGCAAGGACTTGGA-1,CD14 Monocytes
GGCAAGGAGGACTT-1,CD4 T
GGCAATACGCTAAC-1,B
GGCAATACGGCATT-1,CD8 T
GGCAATACGTTTCT-1,B
GGCACGTGGCTTAG-1,FCGR3A Monocytes
GGCACTCTTTTGTC-1,CD4 T
GGCATATGCTTATC-1,NK
GGCATATGGGGAGT-1,Megakaryocytes
GGCATATGTGTGAC-1,CD8 T
GGCCACGACAGAGG-1,CD4 T
GGCCAGACTGGTTG-1,CD4 T
GGCCCAGAAAGTAG-1,CD14 Monocytes
GGCCGAACAACGAA-1,CD4 T
GGCCGAACGCAGAG-1,CD4 T
GGCCGAACGTAGGG-1,CD4 T
GGCCGAACTCTAGG-1,NK
GGCCGATGCAGGAG-1,CD4 T
GGCCGATGCCGAAT-1,CD4 T
GGCCGATGTACTCT-1,CD8 T
GGCGACACTGCCCT-1,NK
GGCGACTGCGTAAC-1,CD4 T
GGCGCATGCCTAAG-1,FCGR3A Monocytes
GGCGCATGCTCCAC-1,CD4 T
GGCGCATGTGGAAA-1,CD4 T
GGCGGACTAGAGGC-1,CD4 T
GGCGGACTAGGAGC-1,CD8 T
GGCGGACTCTGACA-1,CD4 T
GGCGGACTCTTGGA-1,CD8 T
GGCGGACTTACTGG-1,CD4 T
GGCGGACTTGAACC-1,CD4 T
GGCTAAACACCTGA-1,NK
GGCTAAACTCTTAC-1,CD4 T
GGCTAATGAGCACT-1,CD8 T
GGCTAATGGTCTAG-1,CD4 T
GGCTCACTACTCAG-1,CD14 Monocytes
GGGAACGAAGCTCA-1,FCGR3A Monocytes
GGGAACGACACAAC-1,B
GGGAACGAGTGTCA-1,CD14 Monocytes
GGGAAGTGTTGAGC-1,CD14 Monocytes
GGGACCACACGTTG-1,CD8 T
GGGACCACAGAACA-1,CD4 T
GGGACCACGAATAG-1,CD4 T
GGGACCACGTCATG-1,CD4 T
GGGACCACTCAAGC-1,CD4 T
GGGACCACTCGTGA-1,CD4 T
GGGACCACTGCATG-1,CD4 T
GGGACCTGACCCTC-1,CD14 Monocytes
GGGACCTGCTTGCC-1,CD4 T
GGGACCTGTGGAGG-1,B
GGGATGGACGACAT-1,B
GGGATGGATACTTC-1,CD4 T
GGGATGGATGGTTG-1,CD14 Monocytes
GGGATTACGTCTAG-1,CD4 T
GGGCAAGATGCATG-1,CD14 Monocytes
GGGCACACGGTGAG-1,CD4 T
GGGCACACGTTGCA-1,CD4 T
GGGCAGCTTGGGAG-1,CD8 T
GGGCAGCTTTTCTG-1,CD4 T
GGGCCAACCTTGGA-1,Dendritic
GGGCCAACGCGTTA-1,B
GGGCCAACTACGCA-1,CD14 Monocytes
GGGCCAACTCCAAG-1,B
GGGCCATGATGGTC-1,CD8 T
GGGCCATGTTGACG-1,CD4 T
GGGTAACTCAGCTA-1,CD4 T
GGGTAACTCTAGTG-1,B
GGGTAACTCTGGAT-1,CD4 T
GGGTTAACGTGCAT-1,NK
GGTAAAGAGCTAAC-1,NK
GGTACAACTGCAAC-1,CD4 T
GGTACATGAAAGCA-1,B
GGTACATGAGCTCA-1,CD4 T
GGTACATGCGGTAT-1,CD4 T
GGTACATGGTTACG-1,CD4 T
GGTACATGTGGGAG-1,CD4 T
GGTACTGAACTCTT-1,CD14 Monocytes
GGTAGTACACCACA-1,CD8 T
GGTAGTACACTAGC-1,CD14 Monocytes
GGTAGTACCCTGTC-1,CD4 T
GGTAGTACGCCATA-1,CD14 Monocytes
GGTAGTACTGTCTT-1,CD4 T
GGTATCGAGACAAA-1,CD14 Monocytes
GGTATCGATGAACC-1,B
GGTCAAACCAAAGA-1,CD4 T
GGTCTAGAGAAACA-1,CD14 Monocytes
GGTCTAGATAGCGT-1,CD14 Monocytes
GGTGATACCGACTA-1,B
GGTGATACGACTAC-1,CD14 Monocytes
GGTGATACTGTTTC-1,CD4 T
GGTGGAGAAACGGG-1,NK
GGTGGAGAAGTAGA-1,CD4 T
GGTGGAGACAGATC-1,NK
GGTGGAGATCGATG-1,CD4 T
GGTGGAGATCTCTA-1,CD14 Monocytes
GGTGGAGATTACTC-1,CD8 T
GGTTTACTACGCAT-1,CD8 T
GTAACGTGACCTCC-1,CD14 Monocytes
GTAACGTGATCGGT-1,B
GTAACGTGCAGCTA-1,B
GTAACGTGGTTGAC-1,B
GTAAGCACAACGGG-1,CD4 T
GTAAGCACTCATTC-1,B
GTAAGCTGGTACCA-1,CD14 Monocytes
GTAATAACCTTCTA-1,CD14 Monocytes
GTAATAACGTTGTG-1,CD4 T
GTACCCTGACAGTC-1,FCGR3A Monocytes
GTACCCTGGAGCTT-1,CD4 T
GTACCCTGTCCTTA-1,NK
GTACCCTGTGAACC-1,CD4 T
GTACGTGAACGTTG-1,CD8 T
GTACTTTGTCGACA-1,CD8 T
GTAGACTGAGATGA-1,CD14 Monocytes
GTAGACTGTATTCC-1,CD4 T
GTAGCAACAGTCGT-1,CD14 Monocytes
GTAGCAACCATTTC-1,B
GTAGCAACGGTAGG-1,CD14 Monocytes
GTAGCATGCACTCC-1,B
GTAGCATGTAAGCC-1,CD14 Monocytes
GTAGCCCTGACGTT-1,CD4 T
GTAGCTGAAGCTAC-1,FCGR3A Monocytes
GTAGCTGAATTCGG-1,CD8 T
GTAGGTACACGGGA-1,CD14 Monocytes
GTAGTGACCTCATT-1,CD4 T
GTAGTGTGAGCGGA-1,NK
GTAGTGTGAGGCGA-1,CD14 Monocytes
GTAGTGTGTGGTTG-1,CD4 T
GTATCACTGGTAGG-1,CD14 Monocytes
GTATCTACAGAAGT-1,CD8 T
GTATCTACGACGAG-1,CD8 T
GTATCTACGTTACG-1,CD4 T
GTATTAGAAACAGA-1,CD8 T
GTATTAGAGGTCTA-1,CD4 T
GTATTCACACAGCT-1,CD4 T
GTATTCACGGGTGA-1,CD8 T
GTCAACGACACTGA-1,CD4 T
GTCAACGAGTGTAC-1,CD14 Monocytes
GTCAATCTACACCA-1,CD8 T
GTCAATCTGTAGCT-1,CD8 T
GTCAATCTTGTGGT-1,CD4 T
GTCACCTGCCTCCA-1,CD4 T
GTCACCTGTCCCGT-1,CD4 T
GTCATACTAATCGC-1,B
GTCATACTGCGATT-1,CD8 T
GTCATACTTCGCCT-1,Megakaryocytes
GTCATACTTTACCT-1,CD8 T
GTCATACTTTGACG-1,CD4 T
GTCCAAGAAAAACG-1,CD4 T
GTCCACTGACCTCC-1,CD4 T
GTCCACTGGGTACT-1,FCGR3A Monocytes
GTCCAGCTACGGGA-1,CD4 T
GTCCCATGTGGTGT-1,CD14 Monocytes
GTCGAATGAAGGCG-1,CD14 Monocytes
GTCGACCTGAATGA-1,NK
GTCGACCTGTTCAG-1,CD4 T
GTCGCACTTGAGAA-1,B
GTCTAACTGGTCTA-1,FCGR3A Monocytes
GTCTAGGAGCTTCC-1,CD14 Monocytes
GTGAACACACTCTT-1,CD4 T
GTGAACACTCAGGT-1,CD4 T
GTGACCCTTAAGCC-1,CD8 T
GTGATGACAAGTGA-1,CD4 T
GTGATGACCTGAGT-1,B
GTGATGACGGTTTG-1,CD8 T
GTGATTCTCATTTC-1,CD4 T
GTGATTCTCTCTCG-1,CD14 Monocytes
GTGATTCTGGTTCA-1,NK
GTGATTCTGTCGAT-1,CD4 T
GTGATTCTTAGCGT-1,B
GTGCCACTCAGGAG-1,CD4 T
GTGGATTGCACTAG-1,FCGR3A Monocytes
GTGGATTGCGGAGA-1,CD4 T
GTGGATTGTAACGC-1,CD4 T
GTGTACGATCAGTG-1,CD4 T
GTGTAGTGGGTACT-1,CD4 T
GTGTATCTAGCCTA-1,B
GTGTATCTAGTAGA-1,NK
GTGTATCTGTTACG-1,B
GTGTCAGAAGCGTT-1,CD8 T
GTTAAAACCGAGAG-1,NK
GTTAAATGCTCGAA-1,CD4 T
GTTAAATGTCGACA-1,B
GTTAACCTAGCTAC-1,CD8 T
GTTAACCTTGCTTT-1,Dendritic
GTTAGGTGCACTCC-1,CD4 T
GTTAGGTGCCAGTA-1,CD14 Monocytes
GTTAGGTGCCCAAA-1,FCGR3A Monocytes
GTTAGGTGGAACTC-1,B
GTTAGTCTAAGAAC-1,CD8 T
GTTATAGAGGACAG-1,CD4 T
GTTATGCTTTCATC-1,CD4 T
GTTCAACTGGGACA-1,NK
GTTCAACTTATGCG-1,CD4 T
GTTGACGAGCCCTT-1,NK
GTTGACGATATCGG-1,NK
GTTGAGTGGTCTTT-1,CD14 Monocytes
GTTGAGTGTGCTTT-1,CD8 T
GTTGATCTGGGACA-1,CD4 T
GTTGATCTTTTCAC-1,CD8 T
GTTGGATGTTTACC-1,FCGR3A Monocytes
GTTGTACTATTCCT-1,CD14 Monocytes
GTTGTACTTTTGGG-1,CD4 T
GTTTAAGACCATGA-1,CD14 Monocytes
GTTTAAGACTGTCC-1,CD8 T
TAAACAACCAACCA-1,CD4 T
TAAACAACGAATCC-1,B
TAAAGACTCAGGAG-1,CD4 T
TAAATCGATGAGGG-1,CD4 T
TAACAATGTGCCCT-1,B
TAACACCTTCGCTC-1,CD14 Monocytes
TAACACCTTCGTAG-1,CD14 Monocytes
TAACACCTTGTTTC-1,Megakaryocytes
TAACATGACACTAG-1,B
TAACCGGACTTACT-1,CD4 T
TAACGTCTCAACCA-1,CD14 Monocytes
TAACGTCTCATTGG-1,CD4 T
TAACTAGAATTTCC-1,CD4 T
TAACTAGACTTAGG-1,CD4 T
TAACTAGATCTGGA-1,CD4 T
TAACTCACGAGGAC-1,CD14 Monocytes
TAACTCACGTACAC-1,B
TAACTCACGTATCG-1,CD14 Monocytes
TAACTCACTCTACT-1,NK
TAAGAACTGTGTCA-1,CD14 Monocytes
TAAGAGGACTAAGC-1,B
TAAGAGGACTTGTT-1,NK
TAAGATACGGTTCA-1,CD14 Monocytes
TAAGATTGCGTAGT-1,CD4 T
TAAGATTGTTGCTT-1,CD4 T
TAAGCGTGAGGTTC-1,CD14 Monocytes
TAAGCGTGGACAAA-1,CD14 Monocytes
TAAGCGTGGGAAAT-1,CD4 T
TAAGCGTGTGCTCC-1,FCGR3A Monocytes
TAAGGCTGCCATGA-1,CD4 T
TAAGGCTGCTGCTC-1,CD4 T
TAAGGCTGTCTCGC-1,CD14 Monocytes
TAAGGGCTGCTGTA-1,CD4 T
TAAGGGCTTTACTC-1,CD4 T
TAAGTAACCGAGAG-1,B
TAAGTAACCTCCAC-1,B
TAAGTAACCTGTAG-1,CD4 T
TAAGTAACTTGTCT-1,CD4 T
TAATGATGAGCGGA-1,CD4 T
TAATGCCTCATGAC-1,CD4 T
TAATGCCTCGTCTC-1,NK
TAATGTGAAGATGA-1,CD4 T
TAATGTGACTGCAA-1,CD14 Monocytes
TAATGTGATTACTC-1,CD4 T
TACAAATGGGTACT-1,CD4 T
TACAATGAAAACAG-1,CD14 Monocytes
TACAATGACTTAGG-1,CD4 T
TACAATGATGCTAG-1,CD8 T
TACACACTCACACA-1,CD4 T
TACACACTCTTACT-1,CD4 T
TACATAGAACGCAT-1,CD8 T
TACATCACACGGGA-1,CD4 T
TACATCACCTGTTT-1,FCGR3A Monocytes
TACATCACGCTAAC-1,B
TACATCACTGAACC-1,FCGR3A Monocytes
TACCATTGAGGTTC-1,CD4 T
TACCATTGCGGGAA-1,CD14 Monocytes
TACCATTGGGGATG-1,CD14 Monocytes
TACCATTGTGAGGG-1,CD14 Monocytes
TACCGGCTGTTGGT-1,CD4 T
TACGAGTGATCTCT-1,CD4 T
TACGAGTGATGCTG-1,CD14 Monocytes
TACGAGTGCGGAGA-1,CD4 T
TACGAGTGGTTGGT-1,CD4 T
TACGATCTAGTGTC-1,CD4 T
TACGATCTCACTGA-1,CD14 Monocytes
TACGATCTTACGAC-1,CD8 T
TACGCAGAGAATCC-1,NK
TACGCCACATTCCT-1,CD4 T
TACGCCACTCCCAC-1,FCGR3A Monocytes
TACGCCACTCCGAA-1,B
TACGGAACGCGTTA-1,B
TACGGCCTGGGACA-1,NK
TACGTACTACGGAG-1,CD8 T
TACGTACTCAGTTG-1,CD4 T
TACGTACTCCCGTT-1,B
TACGTTACAGAAGT-1,CD4 T
TACGTTACCAAGCT-1,CD14 Monocytes
TACTAAGAAAGGTA-1,B
TACTAAGAATCACG-1,CD4 T
TACTAAGATGATGC-1,CD14 Monocytes
TACTAAGATTGCGA-1,CD4 T
TACTACACGAGAGC-1,CD4 T
TACTACACTTACCT-1,CD4 T
TACTACTGAACCTG-1,CD14 Monocytes
TACTACTGATGTCG-1,NK
TACTACTGATTCTC-1,CD4 T
TACTACTGTATGGC-1,CD4 T
TACTCAACGGTCTA-1,CD14 Monocytes
TACTCAACTGCTAG-1,B
TACTCCCTCAGTTG-1,CD4 T
TACTCTGAATCGAC-1,NK
TACTCTGACGAGTT-1,CD4 T
TACTCTGATTGACG-1,B
TACTGGGATCGATG-1,CD4 T
TACTGTTGAAAGCA-1,CD4 T
TACTGTTGAGGCGA-1,NK
TACTGTTGCTGAAC-1,B
TACTTGACTCCTCG-1,CD8 T
TACTTGACTGGTGT-1,B
TACTTTCTTTTGGG-1,CD8 T
TAGAAACTAATCGC-1,CD4 T
TAGAAACTGCTTCC-1,CD14 Monocytes
TAGAAACTGGGATG-1,CD8 T
TAGAATTGCGACAT-1,CD4 T
TAGAATTGTATCGG-1,CD4 T
TAGACGTGCTTGAG-1,CD4 T
TAGACGTGTCGCTC-1,CD4 T
TAGAGCACCTTACT-1,B
TAGATTGACTTGTT-1,B
TAGATTGAGGCATT-1,CD8 T
TAGCATCTCAGCTA-1,NK
TAGCATCTCCCTCA-1,CD4 T
TAGCATCTGCTGTA-1,FCGR3A Monocytes
TAGCATCTGGGACA-1,CD4 T
TAGCATCTTGTCGA-1,CD4 T
TAGCCCACAAAAGC-1,CD4 T
TAGCCCACAGCCAT-1,CD8 T
TAGCCCACAGCTAC-1,NK
TAGCCCACCCACAA-1,CD4 T
TAGCCCTGCGGAGA-1,CD8 T
TAGCCGCTTACGAC-1,CD4 T
TAGCCGCTTACTTC-1,CD8 T
TAGCCGCTTTCCAT-1,CD14 Monocytes
TAGCTACTGAATAG-1,B
TAGCTACTGTAGCT-1,CD4 T
TAGCTACTTTTGCT-1,CD8 T
TAGGACTGTGCTGA-1,CD8 T
TAGGAGCTAAGGCG-1,B
TAGGAGCTGAGGGT-1,CD4 T
TAGGAGCTTGCATG-1,B
TAGGCAACCGTCTC-1,B
TAGGCATGCTCTCG-1,Dendritic
TAGGCATGGCGAGA-1,CD8 T
TAGGCTGATGCCTC-1,CD14 Monocytes
TAGGGACTGAACTC-1,CD8 T
TAGGTCGACACTGA-1,CD4 T
TAGGTCGAGGATCT-1,B
TAGGTGACACACTG-1,CD4 T
TAGGTGACACGTTG-1,B
TAGGTGTGTTCTGT-1,CD4 T
TAGGTTCTGAAGGC-1,CD4 T
TAGGTTCTTCTTAC-1,FCGR3A Monocytes
TAGGTTCTTGCTGA-1,CD14 Monocytes
TAGTAAACCTCGCT-1,CD4 T
TAGTAAACGTCACA-1,CD4 T
TAGTAATGAGATCC-1,CD4 T
TAGTACCTAAGAAC-1,CD14 Monocytes
TAGTATGATCTTAC-1,B
TAGTATGATTCTCA-1,CD4 T
TAGTCTTGGCTGTA-1,CD4 T
TAGTCTTGGGACTT-1,CD4 T
TAGTCTTGTGGAAA-1,CD8 T
TAGTGGTGAAGTGA-1,NK
TAGTTAGAACCACA-1,NK
TAGTTAGATGAACC-1,CD4 T
TATAAGACAACAGA-1,CD8 T
TATAAGACAGCTCA-1,FCGR3A Monocytes
TATAAGTGACACCA-1,FCGR3A Monocytes
TATAAGTGTATCGG-1,CD14 Monocytes
TATAAGTGTGGTGT-1,FCGR3A Monocytes
TATACAGAACCCTC-1,CD8 T
TATACAGAAGAACA-1,CD4 T
TATACAGATCCAGA-1,CD4 T
TATACCACCTGATG-1,B
TATACGCTACCAAC-1,CD4 T
TATAGATGGACGGA-1,CD4 T
TATAGATGTTCCGC-1,FCGR3A Monocytes
TATCCAACCAGCTA-1,CD14 Monocytes
TATCCAACTCTCTA-1,CD8 T
TATCGACTACTAGC-1,NK
TATCGACTCGATAC-1,FCGR3A Monocytes
TATCGTACAGATGA-1,CD8 T
TATCGTACATTCCT-1,CD14 Monocytes
TATCTCGAGAGATA-1,CD4 T
TATCTGACAGGTTC-1,CD8 T
TATCTGACTGTTTC-1,CD8 T
TATCTTCTAAACAG-1,CD4 T
TATGAATGGAGGAC-1,NK
TATGAATGTTTGCT-1,FCGR3A Monocytes
TATGCGGATAACCG-1,CD4 T
TATGGGTGCATCAG-1,NK
TATGGGTGCTAGCA-1,B
TATGGTCTCTACCC-1,CD4 T
TATGTCACGGAACG-1,B
TATGTCACTAACCG-1,CD14 Monocytes
TATGTCACTTCTCA-1,B
TATGTGCTCCGATA-1,CD14 Monocytes
TATGTGCTGGATTC-1,CD4 T
TATTGCTGAAGAAC-1,CD14 Monocytes
TATTGCTGCCGTTC-1,CD4 T
TATTGCTGTCTGGA-1,CD4 T
TATTGCTGTGCACA-1,CD8 T
TATTTCCTATTGGC-1,CD14 Monocytes
TATTTCCTGGAGGT-1,NK
TATTTCCTGGTGTT-1,CD4 T
TCAACACTGTTTGG-1,NK
TCAAGGACAGCGTT-1,CD4 T
TCAAGGACATTCTC-1,CD8 T
TCAAGGACGGTGTT-1,CD14 Monocytes
TCAATCACACTCTT-1,CD8 T
TCAATCACAGTCGT-1,FCGR3A Monocytes
TCACAACTATGTGC-1,CD4 T
TCACAACTTTGCTT-1,CD14 Monocytes
TCACATACACTTTC-1,CD4 T
TCACATACAGGGTG-1,CD4 T
TCACCCGAGACGGA-1,CD14 Monocytes
TCACCGTGCTCGCT-1,FCGR3A Monocytes
TCACCTCTACGACT-1,CD8 T
TCACCTCTTCCAAG-1,FCGR3A Monocytes
TCACGAGAGGAGGT-1,B
TCACTATGGGGCAA-1,CD8 T
TCACTATGGTTGTG-1,B
TCAGACGACGCTAA-1,CD4 T
TCAGACGACGTTAG-1,NK
TCAGAGACTCCAGA-1,CD4 T
TCAGCAGACTCCAC-1,CD4 T
TCAGCGCTCTAGTG-1,CD8 T
TCAGCGCTGGATCT-1,B
TCAGCGCTGGTATC-1,CD8 T
TCAGGATGAAGTAG-1,CD4 T
TCAGGATGCCTTTA-1,CD14 Monocytes
TCAGTGGAAGATCC-1,CD8 T
TCAGTTACCTACGA-1,CD14 Monocytes
TCAGTTACTAGAAG-1,CD4 T
TCATCAACCCGATA-1,CD4 T
TCATCAACTGTTCT-1,FCGR3A Monocytes
TCATCATGCAGTTG-1,CD4 T
TCATCCCTTACTGG-1,CD4 T
TCATTCGATACAGC-1,FCGR3A Monocytes
TCCACGTGGAAACA-1,CD4 T
TCCACTCTACACTG-1,CD4 T
TCCACTCTGAGCTT-1,CD14 Monocytes
TCCACTCTTACTTC-1,B
TCCATAACAAAGTG-1,CD4 T
TCCATAACCGTAGT-1,B
TCCATAACGATGAA-1,CD4 T
TCCATAACTACGCA-1,CD4 T
TCCATCCTCCCTAC-1,CD8 T
TCCCACGATCATTC-1,CD4 T
TCCCATCTCAAAGA-1,CD14 Monocytes
TCCCGAACACAGTC-1,NK
TCCCGAACTTCGCC-1,FCGR3A Monocytes
TCCCGATGAGATCC-1,CD4 T
TCCCGATGCCTGAA-1,CD14 Monocytes
TCCCTACTCAACTG-1,B
TCCGAAGACAATCG-1,CD14 Monocytes
TCCGAAGACGTTAG-1,CD4 T
TCCGGACTGAGGTG-1,CD4 T
TCCGGACTGTACGT-1,CD8 T
TCCTAAACATCGAC-1,CD4 T
TCCTAAACCGAGAG-1,CD4 T
TCCTAAACCGCATA-1,NK
TCCTAATGGTTTGG-1,CD8 T
TCCTACCTGTCGTA-1,CD4 T
TCCTATGAAAAGCA-1,CD8 T
TCGAATCTCTGGTA-1,CD8 T
TCGACCTGCCGATA-1,FCGR3A Monocytes
TCGACGCTTCTATC-1,CD14 Monocytes
TCGACGCTTTGACG-1,CD4 T
TCGAGAACGACAGG-1,CD4 T
TCGAGAACGTTAGC-1,CD8 T
TCGAGCCTATCAGC-1,B
TCGAGCCTGCGAGA-1,CD8 T
TCGAGCCTTGTGAC-1,CD4 T
TCGATACTATTCCT-1,CD4 T
TCGATACTTGCACA-1,CD4 T
TCGATTTGATGCCA-1,CD14 Monocytes
TCGATTTGCACTCC-1,CD4 T
TCGATTTGCAGCTA-1,NK
TCGATTTGCCTACC-1,CD14 Monocytes
TCGATTTGTCGTGA-1,B
TCGCAGCTAGATCC-1,CD8 T
TCGCCATGAGACTC-1,CD4 T
TCGCCATGTGGTCA-1,B
TCGGACCTAACAGA-1,CD4 T
TCGGACCTATAAGG-1,B
TCGGACCTGTACAC-1,CD4 T
TCGGTAGAGTAGGG-1,CD4 T
TCGGTAGATCCCAC-1,B
TCGTAGGATCGACA-1,CD4 T
TCGTTATGGACAAA-1,CD4 T
TCTAACACCAGTTG-1,NK
TCTAACACGAGCAG-1,Dendritic
TCTAACTGAACCAC-1,CD4 T
TCTAAGCTAATGCC-1,CD4 T
TCTAAGCTTAGTCG-1,CD8 T
TCTAAGCTTCTAGG-1,FCGR3A Monocytes
TCTAAGCTTGTTCT-1,CD14 Monocytes
TCTAAGCTTTCGCC-1,B
TCTACAACGACTAC-1,CD14 Monocytes
TCTAGACTTAGAAG-1,CD14 Monocytes
TCTAGTTGCACCAA-1,CD14 Monocytes
TCTATGTGAAGAGT-1,CD14 Monocytes
TCTATGTGAGTCTG-1,CD8 T
TCTCAAACCTAAGC-1,B
TCTCTAGAATTTCC-1,CD4 T
TCTGATACACGTGT-1,CD4 T
TCTGATACTCGCCT-1,CD4 T
TCTTACGAACCTGA-1,CD14 Monocytes
TCTTCAGAGCTACA-1,CD14 Monocytes
TCTTGATGCGGAGA-1,CD8 T
TGAAATTGGTGAGG-1,CD14 Monocytes
TGAACCGAAAACGA-1,CD4 T
TGAACCGACTACTT-1,FCGR3A Monocytes
TGAACCGATTCGGA-1,FCGR3A Monocytes
TGAAGCACTCACGA-1,CD8 T
TGAAGCTGAACGAA-1,CD4 T
TGAAGCTGCATGGT-1,B
TGAAGCTGCGTAAC-1,CD4 T
TGAATAACCACTTT-1,CD4 T
TGAATAACTCCCAC-1,CD8 T
TGACACGACCTTAT-1,B
TGACCAGACAACCA-1,CD4 T
TGACCAGAGGATTC-1,CD4 T
TGACCGCTAAAAGC-1,CD8 T
TGACCGCTCTGCAA-1,CD4 T
TGACGATGCAAAGA-1,CD14 Monocytes
TGACGCCTGTACCA-1,CD8 T
TGACGCCTTTACTC-1,CD4 T
TGACTGGAAGAGAT-1,CD14 Monocytes
TGACTGGACCGTAA-1,CD4 T
TGACTGGACGCAAT-1,CD4 T
TGACTGGAGGACAG-1,B
TGACTGGATTCTCA-1,CD4 T
TGACTTACACACCA-1,CD4 T
TGACTTACAGTCTG-1,CD14 Monocytes
TGACTTTGCGCATA-1,CD4 T
TGACTTTGTTTGTC-1,CD4 T
TGAGACACAAGGTA-1,CD8 T
TGAGACACTCAAGC-1,CD8 T
TGAGCTGAATGCTG-1,FCGR3A Monocytes
TGAGCTGACTGGAT-1,CD14 Monocytes
TGAGCTGATGCTAG-1,CD14 Monocytes
TGAGGACTCTCATT-1,CD14 Monocytes
TGAGGACTTCATTC-1,CD4 T
TGAGGTACGAACCT-1,FCGR3A Monocytes
TGAGTCGAGTTACG-1,B
TGAGTGACTGAGCT-1,CD4 T
TGATAAACGAATCC-1,CD4 T
TGATAAACTCCGTC-1,NK
TGATAAACTTTCAC-1,CD4 T
TGATACCTCACTAG-1,CD14 Monocytes
TGATACCTGTTGGT-1,CD4 T
TGATACCTTATGCG-1,CD4 T
TGATACCTTGAAGA-1,CD4 T
TGATATGAACCTTT-1,CD4 T
TGATCACTAGCATC-1,CD8 T
TGATCACTCTCGCT-1,CD4 T
TGATCACTTCTACT-1,B
TGATCGGACTGACA-1,FCGR3A Monocytes
TGATCGGAGGAGCA-1,B
TGATCGGATATGCG-1,FCGR3A Monocytes
TGATTAGACATTGG-1,CD4 T
TGATTAGATGACTG-1,B
TGATTAGATGCTAG-1,CD4 T
TGATTCACTATGCG-1,CD4 T
TGATTCACTGTCAG-1,B
TGATTCTGCCGAAT-1,CD4 T
TGATTCTGCTCTTA-1,CD4 T
TGCAAGTGAGAACA-1,CD4 T
TGCAAGTGGGTAGG-1,CD14 Monocytes
TGCAATCTTCAGGT-1,Dendritic
TGCACAGACGACAT-1,NK
TGCCAAGAGCAGTT-1,FCGR3A Monocytes
TGCCAAGATCTCTA-1,CD4 T
TGCCACTGAACGTC-1,CD4 T
TGCCACTGCGATAC-1,NK
TGCCAGCTTGGCAT-1,CD4 T
TGCCCAACAGCAAA-1,CD4 T
TGCCCAACCGCATA-1,FCGR3A Monocytes
TGCCGACTCTCCCA-1,B
TGCGAAACAGTCAC-1,B
TGCGAAACGTTGCA-1,B
TGCGATGAACGGTT-1,CD4 T
TGCGATGACCTCGT-1,CD4 T
TGCGATGACTAGTG-1,B
TGCGATGACTGCTC-1,B
TGCGATGACTTGCC-1,B
TGCGATGAGTGCTA-1,CD14 Monocytes
TGCGCACTCTTGAG-1,CD14 Monocytes
TGCGTAGAATAAGG-1,CD14 Monocytes
TGCGTAGACGGGAA-1,B
TGCGTAGATGGTCA-1,FCGR3A Monocytes
TGCTAGGAAACCGT-1,CD8 T
TGCTAGGATAGTCG-1,CD4 T
TGCTATACGGTTCA-1,CD14 Monocytes
TGCTATACTGCTGA-1,CD8 T
TGCTGAGAGAGCAG-1,NK
TGCTGAGATTATCC-1,CD4 T
TGGAAAGACTCTCG-1,B
TGGAAAGAGCGATT-1,CD4 T
TGGAAAGAGGTCAT-1,FCGR3A Monocytes
TGGAAAGATATGGC-1,CD4 T
TGGAACACAAACAG-1,NK
TGGAACACGCTAAC-1,CD8 T
TGGAAGCTCAGATC-1,CD4 T
TGGACCCTACACTG-1,CD14 Monocytes
TGGACCCTCATGGT-1,CD8 T
TGGACCCTGGTACT-1,CD14 Monocytes
TGGACTGAGTATGC-1,CD4 T
TGGAGACTATCAGC-1,CD14 Monocytes
TGGAGACTTCAAGC-1,CD4 T
TGGAGACTTGACCA-1,CD8 T
TGGAGGGACGGAGA-1,CD14 Monocytes
TGGAGGGAGCTATG-1,CD8 T
TGGATCGATAAAGG-1,CD4 T
TGGATGTGACCTAG-1,B
TGGATGTGTGAAGA-1,B
TGGATTCTCATACG-1,CD8 T
TGGCAATGCTTGTT-1,B
TGGCACCTTCACGA-1,CD4 T
TGGCACCTTCAGTG-1,CD14 Monocytes
TGGGTATGAAGAGT-1,CD4 T
TGGGTATGCACAAC-1,CD4 T
TGGGTATGGTACGT-1,B
TGGGTATGTTTGGG-1,CD14 Monocytes
TGGTAGACATGCCA-1,CD4 T
TGGTAGACCCTCAC-1,NK
TGGTAGACCTGATG-1,CD4 T
TGGTAGTGCACTGA-1,FCGR3A Monocytes
TGGTATCTAAACAG-1,CD4 T
TGGTATCTCTTCCG-1,CD4 T
TGGTCAGACCCAAA-1,CD4 T
TGGTTACTGACGTT-1,CD14 Monocytes
TGGTTACTGTTCTT-1,CD4 T
TGTAACCTAGAGGC-1,CD4 T
TGTAACCTTGCCTC-1,CD14 Monocytes
TGTAATGACACAAC-1,NK
TGTAATGAGGTAAA-1,NK
TGTACTTGCTCTAT-1,FCGR3A Monocytes
TGTAGGTGCGAGAG-1,B
TGTAGGTGCTATGG-1,CD4 T
TGTAGGTGCTCTAT-1,Dendritic
TGTAGGTGTGCTGA-1,CD4 T
TGTAGTCTTCCAGA-1,CD4 T
TGTAGTCTTGCACA-1,CD8 T
TGTATCTGTTAGGC-1,CD4 T
TGTATGCTCATGGT-1,B
TGTATGCTGTAGGG-1,CD4 T
TGTATGCTTTCATC-1,CD4 T
TGTCAGGAATACCG-1,CD4 T
TGTCAGGAGATGAA-1,FCGR3A Monocytes
TGTCTAACCCCTTG-1,CD4 T
TGTGACGATTCTCA-1,CD8 T
TGTGAGACTGTCAG-1,CD14 Monocytes
TGTGAGACTTGAGC-1,CD4 T
TGTGAGTGACCACA-1,CD4 T
TGTGAGTGAGTGCT-1,FCGR3A Monocytes
TGTGAGTGGAGATA-1,CD8 T
TGTGATCTCTCTAT-1,B
TGTGATCTGACACT-1,CD8 T
TGTGGATGGCCAAT-1,B
TGTTAAGACAAAGA-1,CD14 Monocytes
TGTTAAGATAAGGA-1,CD14 Monocytes
TGTTACACCGCATA-1,FCGR3A Monocytes
TGTTACACGACTAC-1,FCGR3A Monocytes
TGTTACTGGCTACA-1,CD8 T
TGTTACTGTAGTCG-1,CD8 T
TTAACCACCGTAAC-1,CD4 T
TTAACCACTAAGGA-1,CD8 T
TTAACCACTCAGAC-1,CD8 T
TTACACACGTGTTG-1,CD4 T
TTACACACTCCTAT-1,CD4 T
TTACCATGAATCGC-1,CD14 Monocytes
TTACCATGGTTGAC-1,CD4 T
TTACCATGTGTCTT-1,CD4 T
TTACCATGTTGTGG-1,B
TTACGACTGAGAGC-1,CD4 T
TTACGACTTGACAC-1,CD14 Monocytes
TTACGTACGTTCAG-1,Megakaryocytes
TTACTCGAAGAATG-1,CD14 Monocytes
TTACTCGACGCAAT-1,Dendritic
TTACTCGAGGGTGA-1,CD4 T
TTACTCGATCTACT-1,NK
TTAGAATGTGGTGT-1,CD4 T
TTAGAATGTGTAGC-1,CD4 T
TTAGACCTCCTACC-1,CD4 T
TTAGACCTCCTTTA-1,CD14 Monocytes
TTAGCTACAACCGT-1,CD4 T
TTAGCTACTGTCCC-1,CD14 Monocytes
TTAGCTACTTTCGT-1,CD4 T
TTAGGGACGCGAAG-1,CD8 T
TTAGGGTGCTGGAT-1,B
TTAGGGTGTCCTGC-1,CD14 Monocytes
TTAGGTCTACTTTC-1,CD14 Monocytes
TTAGTCACCAGTTG-1,CD4 T
TTAGTCTGAAAGCA-1,B
TTAGTCTGCCAACA-1,NK
TTAGTCTGTGCACA-1,CD4 T
TTATCCGACTAGTG-1,B
TTATCCGAGAAAGT-1,CD14 Monocytes
TTATGAGAGATAAG-1,CD4 T
TTATGCACGTCACA-1,B
TTATGGCTTATGGC-1,Dendritic
TTATTCCTATGCTG-1,CD14 Monocytes
TTATTCCTGGACAG-1,B
TTATTCCTGGTACT-1,B
TTATTCCTTCGTGA-1,CD4 T
TTCAAAGATAAAGG-1,CD8 T
TTCAACACAACAGA-1,CD4 T
TTCAACACCCCAAA-1,CD14 Monocytes
TTCAACACGGACGA-1,CD14 Monocytes
TTCAAGCTAAGAAC-1,CD14 Monocytes
TTCAAGCTAGATGA-1,CD4 T
TTCAAGCTGTTGAC-1,CD4 T
TTCAAGCTTGATGC-1,CD4 T
TTCAAGCTTTCGCC-1,CD4 T
TTCACAACCCGTTC-1,CD14 Monocytes
TTCACAACGTCTGA-1,FCGR3A Monocytes
TTCAGACTACCCAA-1,CD4 T
TTCAGACTCTCGAA-1,CD4 T
TTCAGTACCGACTA-1,CD4 T
TTCAGTACTCAAGC-1,CD4 T
TTCAGTACTCCTAT-1,CD14 Monocytes
TTCAGTTGCCAAGT-1,CD4 T
TTCAGTTGTCCTTA-1,Dendritic
TTCAGTTGTCTAGG-1,CD4 T
TTCAGTTGTCTCGC-1,B
TTCATCGAGGTGGA-1,CD14 Monocytes
TTCATGTGTGGTGT-1,CD4 T
TTCATTCTATGTCG-1,CD14 Monocytes
TTCATTCTTCTCTA-1,CD4 T
TTCCAAACCTATGG-1,CD14 Monocytes
TTCCAAACCTCCCA-1,B
TTCCAAACTCCCAC-1,NK
TTCCAAACTTGACG-1,CD8 T
TTCCATGACGAGAG-1,CD14 Monocytes
TTCCATGACTGTCC-1,CD4 T
TTCCCACTTGAGGG-1,NK
TTCCCACTTGTCTT-1,CD14 Monocytes
TTCCTAGAAAGTGA-1,CD4 T
TTCCTAGACTAGTG-1,FCGR3A Monocytes
TTCGAGGACTCTAT-1,CD4 T
TTCGAGGAGGGCAA-1,CD4 T
TTCGAGGATAGAAG-1,FCGR3A Monocytes
TTCGATTGAGCATC-1,CD4 T
TTCGGAGAATGCCA-1,CD14 Monocytes
TTCGGAGATGTGCA-1,CD4 T
TTCGTATGAAAAGC-1,CD8 T
TTCGTATGGATAGA-1,CD8 T
TTCGTATGGTCTGA-1,CD4 T
TTCGTATGTCCTTA-1,CD14 Monocytes
TTCTACGAACGTAC-1,CD4 T
TTCTACGAGTTGGT-1,CD4 T
TTCTAGTGACACGT-1,CD4 T
TTCTAGTGCATGAC-1,CD14 Monocytes
TTCTAGTGGAGAGC-1,NK
TTCTAGTGGTCACA-1,CD14 Monocytes
TTCTCAGAAGAGAT-1,CD4 T
TTCTCAGAAGCATC-1,B
TTCTCAGATGGAGG-1,CD4 T
TTCTGATGGAGACG-1,NK
TTCTTACTCTGGAT-1,FCGR3A Monocytes
TTGAACCTCCTTGC-1,B
TTGAATGAACTACG-1,FCGR3A Monocytes
TTGAATGACTTACT-1,CD4 T
TTGAATGATCTCAT-1,B
TTGACACTCTGTAG-1,CD4 T
TTGACACTGATAAG-1,B
TTGAGGACAGAACA-1,CD14 Monocytes
TTGAGGACTACGCA-1,Dendritic
TTGAGGTGGACGGA-1,CD4 T
TTGCATTGAGCTAC-1,CD8 T
TTGCATTGCTAAGC-1,CD14 Monocytes
TTGCATTGTGACTG-1,CD4 T
TTGCTAACACCAAC-1,CD8 T
TTGCTAACACGCTA-1,FCGR3A Monocytes
TTGCTAACCACTCC-1,CD4 T
TTGCTATGGTACGT-1,CD14 Monocytes
TTGCTATGGTAGGG-1,FCGR3A Monocytes
TTGGAGACCAATCG-1,CD8 T
TTGGAGACGCTATG-1,CD14 Monocytes
TTGGAGACTATGGC-1,B
TTGGGAACTGAACC-1,CD4 T
TTGGTACTACTGGT-1,CD14 Monocytes
TTGGTACTCTTAGG-1,CD4 T
TTGGTACTGAATCC-1,B
TTGGTACTGGATTC-1,B
TTGTACACGTTGTG-1,B
TTGTACACTTGCAG-1,B
TTGTAGCTAGCTCA-1,CD4 T
TTGTAGCTCTCTTA-1,B
TTGTCATGGACGGA-1,NK
TTTAGAGATCCTCG-1,B
TTTAGCTGATACCG-1,CD4 T
TTTAGCTGGATACC-1,CD14 Monocytes
TTTAGCTGTACTCT-1,Dendritic
TTTAGGCTCCTTTA-1,CD14 Monocytes
TTTATCCTGTTGTG-1,CD14 Monocytes
TTTCACGAGGTTCA-1,CD4 T
TTTCAGTGGAAGGC-1,CD8 T
TTTCAGTGTCACGA-1,B
TTTCAGTGTCTATC-1,CD14 Monocytes
TTTCAGTGTGCAGT-1,B
TTTCCAGAGGTGAG-1,CD4 T
TTTCGAACACCTGA-1,Dendritic
TTTCGAACTCTCAT-1,CD14 Monocytes
TTTCTACTGAGGCA-1,B
TTTCTACTTCCTCG-1,B
TTTGCATGAGAGGC-1,B
TTTGCATGCCTCAC-1,CD4 T
